wd_solution_id,ms_solution_id,wd_source_id,ms_source_id,wd_random_index,ms_random_index,wd_ref_epoch,ms_ref_epoch,wd_ra,ms_ra,wd_ra_error,ms_ra_error,wd_dec,ms_dec,wd_dec_error,ms_dec_error,wd_parallax,ms_parallax,wd_parallax_error,ms_parallax_error,wd_parallax_over_error,ms_parallax_over_error,wd_pm,ms_pm,wd_pmra,ms_pmra,wd_pmra_error,ms_pmra_error,wd_pmdec,ms_pmdec,wd_pmdec_error,ms_pmdec_error,wd_ra_dec_corr,ms_ra_dec_corr,wd_ra_parallax_corr,ms_ra_parallax_corr,wd_ra_pmra_corr,ms_ra_pmra_corr,wd_ra_pmdec_corr,ms_ra_pmdec_corr,wd_dec_parallax_corr,ms_dec_parallax_corr,wd_dec_pmra_corr,ms_dec_pmra_corr,wd_dec_pmdec_corr,ms_dec_pmdec_corr,wd_parallax_pmra_corr,ms_parallax_pmra_corr,wd_parallax_pmdec_corr,ms_parallax_pmdec_corr,wd_pmra_pmdec_corr,ms_pmra_pmdec_corr,wd_astrometric_n_obs_al,ms_astrometric_n_obs_al,wd_astrometric_n_obs_ac,ms_astrometric_n_obs_ac,wd_astrometric_n_good_obs_al,ms_astrometric_n_good_obs_al,wd_astrometric_n_bad_obs_al,ms_astrometric_n_bad_obs_al,wd_astrometric_gof_al,ms_astrometric_gof_al,wd_astrometric_chi2_al,ms_astrometric_chi2_al,wd_astrometric_excess_noise,ms_astrometric_excess_noise,wd_astrometric_excess_noise_sig,ms_astrometric_excess_noise_sig,wd_astrometric_params_solved,ms_astrometric_params_solved,wd_astrometric_primary_flag,ms_astrometric_primary_flag,wd_nu_eff_used_in_astrometry,ms_nu_eff_used_in_astrometry,wd_pseudocolour,ms_pseudocolour,wd_pseudocolour_error,ms_pseudocolour_error,wd_ra_pseudocolour_corr,ms_ra_pseudocolour_corr,wd_dec_pseudocolour_corr,ms_dec_pseudocolour_corr,wd_parallax_pseudocolour_corr,ms_parallax_pseudocolour_corr,wd_pmra_pseudocolour_corr,ms_pmra_pseudocolour_corr,wd_pmdec_pseudocolour_corr,ms_pmdec_pseudocolour_corr,wd_astrometric_matched_transits,ms_astrometric_matched_transits,wd_visibility_periods_used,ms_visibility_periods_used,wd_astrometric_sigma5d_max,ms_astrometric_sigma5d_max,wd_matched_transits,ms_matched_transits,wd_new_matched_transits,ms_new_matched_transits,wd_matched_transits_removed,ms_matched_transits_removed,wd_ipd_gof_harmonic_amplitude,ms_ipd_gof_harmonic_amplitude,wd_ipd_gof_harmonic_phase,ms_ipd_gof_harmonic_phase,wd_ipd_frac_multi_peak,ms_ipd_frac_multi_peak,wd_ipd_frac_odd_win,ms_ipd_frac_odd_win,wd_ruwe,ms_ruwe,wd_scan_direction_strength_k1,ms_scan_direction_strength_k1,wd_scan_direction_strength_k2,ms_scan_direction_strength_k2,wd_scan_direction_strength_k3,ms_scan_direction_strength_k3,wd_scan_direction_strength_k4,ms_scan_direction_strength_k4,wd_scan_direction_mean_k1,ms_scan_direction_mean_k1,wd_scan_direction_mean_k2,ms_scan_direction_mean_k2,wd_scan_direction_mean_k3,ms_scan_direction_mean_k3,wd_scan_direction_mean_k4,ms_scan_direction_mean_k4,wd_duplicated_source,ms_duplicated_source,wd_phot_g_n_obs,ms_phot_g_n_obs,wd_phot_g_mean_flux,ms_phot_g_mean_flux,wd_phot_g_mean_flux_error,ms_phot_g_mean_flux_error,wd_phot_g_mean_flux_over_error,ms_phot_g_mean_flux_over_error,wd_phot_g_mean_mag,ms_phot_g_mean_mag,wd_phot_bp_n_obs,ms_phot_bp_n_obs,wd_phot_bp_mean_flux,ms_phot_bp_mean_flux,wd_phot_bp_mean_flux_error,ms_phot_bp_mean_flux_error,wd_phot_bp_mean_flux_over_error,ms_phot_bp_mean_flux_over_error,wd_phot_bp_mean_mag,ms_phot_bp_mean_mag,wd_phot_rp_n_obs,ms_phot_rp_n_obs,wd_phot_rp_mean_flux,ms_phot_rp_mean_flux,wd_phot_rp_mean_flux_error,ms_phot_rp_mean_flux_error,wd_phot_rp_mean_flux_over_error,ms_phot_rp_mean_flux_over_error,wd_phot_rp_mean_mag,ms_phot_rp_mean_mag,wd_phot_bp_n_contaminated_transits,ms_phot_bp_n_contaminated_transits,wd_phot_bp_n_blended_transits,ms_phot_bp_n_blended_transits,wd_phot_rp_n_contaminated_transits,ms_phot_rp_n_contaminated_transits,wd_phot_rp_n_blended_transits,ms_phot_rp_n_blended_transits,wd_phot_proc_mode,ms_phot_proc_mode,wd_phot_bp_rp_excess_factor,ms_phot_bp_rp_excess_factor,wd_bp_rp,ms_bp_rp,wd_bp_g,ms_bp_g,wd_g_rp,ms_g_rp,wd_dr2_radial_velocity,ms_dr2_radial_velocity,wd_dr2_radial_velocity_error,ms_dr2_radial_velocity_error,wd_dr2_rv_nb_transits,ms_dr2_rv_nb_transits,wd_dr2_rv_template_teff,ms_dr2_rv_template_teff,wd_dr2_rv_template_logg,ms_dr2_rv_template_logg,wd_dr2_rv_template_fe_h,ms_dr2_rv_template_fe_h,wd_l,ms_l,wd_b,ms_b,wd_ecl_lon,ms_ecl_lon,wd_ecl_lat,ms_ecl_lat,wd_dr2_source_id,ms_dr2_source_id,wd_dr2_parallax,ms_dr2_parallax,wd_dr2_parallax_error,ms_dr2_parallax_error,wd_dr2_pmra,ms_dr2_pmra,wd_dr2_pmdec,ms_dr2_pmdec,wd_dr2_pmra_error,ms_dr2_pmra_error,wd_dr2_pmdec_error,ms_dr2_pmdec_error,wd_dr2_ruwe,ms_dr2_ruwe,pairdistance,sep_AU,binary_type,Sigma18,R_chance_align,r_med_geo,ms_rv,ms_erv,ms_m_g,wd_m_g,wd_e_gmag,wd_e_bpmag,wd_e_rpmag,gmag_dereddened,bpmag_dereddened,rpmag_dereddened,cmd_radius
1636042515805110273,1636042515805110273,321259125631010688,321259125630741504,704893155,892290767,2016.0,2016.0,17.00341481267388,17.003656319241035,0.4236922860145569,0.019839633256196976,35.814406111886065,35.816378910760235,0.41956672072410583,0.016400139778852463,7.327831878601675,5.9440324859824765,0.647418200969696,0.02380971796810627,11.3185453414917,249.64732360839844,34.021148681640625,34.790283203125,32.831391770557666,33.061080371777805,0.8398752808570862,0.024749744683504105,-8.918430121495826,-10.831845229441328,0.4443742036819458,0.01846439205110073,0.24569593369960785,0.08876287192106247,-0.38102903962135315,-0.025161901488900185,-0.4671955406665802,-0.48337945342063904,-0.27102234959602356,0.018672645092010498,-0.4111086130142212,0.05898065119981766,-0.36205053329467773,0.10407756268978119,-0.5027589797973633,-0.1383797973394394,0.5989932417869568,0.30453819036483765,0.5458013415336609,0.27108144760131836,0.4519185721874237,0.28130075335502625,112,204,0,204,111,202,1,2,-1.2420294284820557,2.2321040630340576,91.04756927490234,565.117431640625,0.0,0.12345942854881287,0.0,15.314395904541016,95,31,False,False,1.0000000200408773e+20,1.6138594150543213,1.6756855249404907,1.0000000200408773e+20,0.11343684047460556,1.0000000200408773e+20,-0.05076663941144943,1.0000000200408773e+20,0.3732752799987793,1.0000000200408773e+20,-0.08794025331735611,1.0000000200408773e+20,-0.28514736890792847,1.0000000200408773e+20,-0.05244136229157448,1.0000000200408773e+20,13,23,11,15,1.2713651657104492,0.037400100380182266,14,27,11,14,1,1,0.08033353090286255,0.04130071401596069,76.12667083740234,64.80321502685547,0,0,7,0,0.9124472141265869,1.1127798557281494,0.13278569281101227,1.0000000200408773e+20,0.21319547295570374,1.0000000200408773e+20,0.10196071118116379,1.0000000200408773e+20,0.6439962983131409,1.0000000200408773e+20,-75.5412368774414,1.0000000200408773e+20,-53.88357162475586,1.0000000200408773e+20,-37.32394027709961,1.0000000200408773e+20,15.916935920715332,1.0000000200408773e+20,False,False,118,212,5.1098069513311904e-17,4839519.818722585,2.596866095578661e-19,1161.802001953125,196.76820373535156,4165.52880859375,19.23906898498535,8.975360870361328,5,21,7.640368032686404e-17,2891770.6810899014,5.222779100616621e-18,955.801513671875,14.628931999206543,3025.492919921875,19.32687759399414,9.185632705688477,4,21,2.5971169938208176e-17,2848391.9752203175,6.442879125204023e-18,1089.40771484375,4.0309882164001465,2614.624267578125,19.247760772705078,8.611395835876465,0,0,0,0,0,0,0,0,0,0,1.0864542722702026,1.1861016750335693,0.0791168212890625,0.5742368698120117,0.08780860900878906,0.21027183532714844,-0.008691787719726562,0.3639650344848633,1.0000000200408773e+20,-6.285017013549805,1.0000000200408773e+20,0.4850981533527374,0,3,1.0000000200408773e+20,6750.0,1.0000000200408773e+20,4.5,1.0000000200408773e+20,0.0,126.70065881234386,126.70071827371142,-26.936018774638104,-26.934036988007218,30.144641120284724,30.14577209870254,26.266582423527403,26.268285862433185,0,321259125630741504,0.0,5.986274223340271,0.0,0.051145751735322216,0.0,33.11154053784045,0.0,-10.83221952722389,0.0,0.09960085906941785,0.0,0.0886910606319076,0.0,1.1332967,0.001982495503443055,1200.69730931414,WDMS,789.0902078496171,0.007397111319221421,167.5027618408203,-6.941910743713379,0.34388166666030884,2.845766741927065,13.56394646907502,0.0046624970022122085,0.06271347713595107,0.2275946094868724,19.238849073421637,19.326586797902706,19.247606507901157,0.007481759418545218
1636042515805110273,1636042515805110273,1424062412046712576,1424062622501321984,431581588,1606344194,2016.0,2016.0,246.3559278753405,246.33987681301085,0.3080597221851349,0.00904028955847025,51.172309493391886,51.17742879879347,0.28772246837615967,0.009306851774454117,3.7622644180607967,4.210297316474595,0.31852808594703674,0.009761286899447441,11.811406135559082,431.3260192871094,38.28733444213867,38.5306510925293,-1.3498656042943722,-1.9736075285662018,0.36964431405067444,0.011532733216881752,-38.2635316865566,-38.480073387399614,0.4088699519634247,0.014049862511456013,0.032714568078517914,0.04302104189991951,0.019291039556264877,-0.07873095571994781,0.14056886732578278,0.26354271173477173,0.16175223886966705,0.13095809519290924,-0.07097755372524261,-0.16353839635849,0.14371778070926666,0.09310565888881683,-0.03740723431110382,-0.06469554454088211,-0.1951083093881607,-0.16996559500694275,-0.17130427062511444,-0.17414002120494843,0.12091506272554398,0.17032146453857422,330,350,0,0,330,349,0,1,0.8262737989425659,-1.8913100957870483,367.00360107421875,331.5419006347656,0.7535412907600403,0.0,0.5319133996963501,0.0,31,31,False,False,1.6590672731399536,1.4808192253112793,1.0000000200408773e+20,1.0000000200408773e+20,1.0000000200408773e+20,1.0000000200408773e+20,1.0000000200408773e+20,1.0000000200408773e+20,1.0000000200408773e+20,1.0000000200408773e+20,1.0000000200408773e+20,1.0000000200408773e+20,1.0000000200408773e+20,1.0000000200408773e+20,1.0000000200408773e+20,1.0000000200408773e+20,38,40,25,26,0.5860803723335266,0.02006813883781433,40,41,12,12,0,0,0.021868327632546425,0.013466525822877884,9.720197677612305,162.73167419433594,1,0,0,0,1.0315470695495605,0.9278228282928467,0.2722409963607788,0.2286900281906128,0.10050621628761292,0.06679616868495941,0.04818121716380119,0.13462021946907043,0.21671392023563385,0.1528577208518982,-81.17708587646484,-74.03417205810547,-37.10847854614258,-61.645179748535156,-40.07668685913086,-55.12150192260742,-6.144270896911621,-11.286225318908691,False,False,332,353,2.6585744947896054e-17,111462.42273073987,1.0474420739039153e-19,24.273130416870117,253.81590270996094,4592.0087890625,19.94845962524414,13.06954574584961,32,38,3.956583560183445e-17,51006.003334094574,2.2155780081918755e-18,42.67535400390625,17.85801887512207,1195.2098388671875,20.041362762451172,13.569488525390625,28,38,1.3219429271500445e-17,85636.82826427238,1.1831820856471419e-18,73.75684356689453,11.17277717590332,1161.069580078125,19.98095703125,12.416244506835938,0,0,1,1,0,0,0,1,0,0,1.074265480041504,1.2259093523025513,0.060405731201171875,1.1532440185546875,0.09290313720703125,0.4999427795410156,-0.032497406005859375,0.6533012390136719,1.0000000200408773e+20,-8.318081855773926,1.0000000200408773e+20,3.0388848781585693,0,10,1.0000000200408773e+20,5000.0,1.0000000200408773e+20,3.0,1.0000000200408773e+20,0.0,79.00731217377104,79.01666660641612,43.40644855837202,43.41546497603346,220.80312273046022,220.76915069386288,70.5983792745494,70.59803495981089,1424062412046712576,1424062622501321984,3.6231741066858434,4.1891924857557425,0.4158784867503745,0.011185324198207591,-0.9562271291426132,-2.0198861938675776,-38.42453184101667,-38.536021115722086,0.8137305372423451,0.02067816129514674,0.8654183668671896,0.02413387909238573,1.0532815,1.0034416,0.011290444014918164,9653.85468020561,WDMS,544.309905374282,0.0298235845864147,236.03993225097656,-6.632596015930176,1.4226773977279663,6.191109572231139,12.82570620129098,0.0036145537128556473,0.05137362432941304,0.0821130874621071,19.9484056378931,20.04129137325087,19.980919159898527,0.007384814200616368
1636042515805110273,1636042515805110273,2084572311384460672,2084572311384460800,137308705,399927712,2016.0,2016.0,303.54261158267315,303.54470478012007,0.29531699419021606,0.007932663895189762,49.157177177892486,49.15477754076314,0.3298655152320862,0.008156639523804188,3.2247028104245405,2.6225633263741632,0.3513944745063782,0.008875775150954723,9.176874160766602,295.4742736816406,34.201358795166016,34.046478271484375,24.071524286388655,24.169603957990958,0.4263732433319092,0.011489281430840492,24.29597914078641,23.97901133575232,0.445017009973526,0.010296651162207127,0.024987634271383286,0.03748137503862381,-0.04620102792978287,0.017039040103554726,0.20419712364673615,0.045844435691833496,-0.007930843159556389,-0.1054428443312645,0.16716796159744263,0.1691277176141739,-0.0491035096347332,-0.13909563422203064,0.025581015273928642,-0.029317203909158707,-0.179757758975029,-0.0917341560125351,0.17844533920288086,0.10010289400815964,0.08813419193029404,0.06933107227087021,347,361,0,361,342,361,5,0,0.3351013958454132,-3.5256686210632324,364.9778137207031,451.29949951171875,0.0,0.037472113966941833,2.1895265938184525e-15,1.8966537714004517,31,31,False,False,1.7195168733596802,1.5492572784423828,1.0000000200408773e+20,1.0000000200408773e+20,1.0000000200408773e+20,1.0000000200408773e+20,1.0000000200408773e+20,1.0000000200408773e+20,1.0000000200408773e+20,1.0000000200408773e+20,1.0000000200408773e+20,1.0000000200408773e+20,1.0000000200408773e+20,1.0000000200408773e+20,1.0000000200408773e+20,1.0000000200408773e+20,40,42,24,25,0.6320043206214905,0.016081349924206734,45,48,14,18,0,0,0.011863392777740955,0.016176577657461166,21.90392303466797,163.6519317626953,0,0,9,0,1.0119421482086182,0.8699299097061157,0.18025173246860504,1.0000000200408773e+20,0.07371152937412262,1.0000000200408773e+20,0.0641632080078125,1.0000000200408773e+20,0.03286208212375641,1.0000000200408773e+20,-117.45520782470703,1.0000000200408773e+20,-70.7641830444336,1.0000000200408773e+20,-10.55362606048584,1.0000000200408773e+20,-2.925781488418579,1.0000000200408773e+20,False,False,357,390,2.251034652110212e-17,243569.43411221512,1.0260649665559167e-19,32.61503601074219,219.38519287109375,7468.0107421875,20.129125595092773,12.220809936523438,5,46,3.497369966774093e-17,129084.32556119359,5.082392955731189e-18,67.51737976074219,6.881345272064209,1911.8681640625,20.175310134887695,12.561358451843262,5,44,8.334609589044266e-18,163613.77239176602,3.535261467830746e-18,46.314903259277344,2.35756516456604,3532.6376953125,20.481775283813477,11.713345527648926,0,0,0,0,0,0,0,0,0,0,0.999213695526123,1.2017029523849487,-0.30646514892578125,0.8480129241943359,0.046184539794921875,0.3405485153198242,-0.3526496887207031,0.5074644088745117,1.0000000200408773e+20,-32.103126525878906,1.0000000200408773e+20,0.886374294757843,0,12,1.0000000200408773e+20,5500.0,1.0000000200408773e+20,3.5,1.0000000200408773e+20,0.0,84.77142534783823,84.77013611564895,8.011885097983676,8.00943510681064,331.1368059475704,331.1365160788534,65.63028731732334,65.62752724667044,2084572311384460672,2084572311384460800,3.7514345817842987,2.6215936440558063,0.44908902299919146,0.02076231773999343,23.75559341548177,24.107312641836813,25.232276252808333,24.052725366054187,0.835769706046853,0.04237883604352644,0.814826504855985,0.03724146920234737,0.99836856,0.81510156,0.002762661261014179,3792.31282601719,WDMS,1644.3888720254627,0.00414642165704244,379.2699890136719,-31.09260368347168,0.7774701714515686,4.314439855480223,12.671574075623653,0.004181828143481257,0.13332149229973722,0.38914349978218565,20.128371140802585,20.174312495859315,20.481246044963196,0.006135229232410225
1636042515805110273,1636042515805110273,2153552814748001792,2153552647245580544,636749928,171107877,2016.0,2016.0,284.65870302124665,284.6981046777321,0.2898065149784088,0.009396465495228767,57.78819239158009,57.786430251602575,0.32130923867225647,0.010693264193832874,5.599831129284158,5.593410153858563,0.33257853984832764,0.011052655056118965,16.83761978149414,506.0693664550781,46.61062240600586,46.09187698364258,-27.426623405344564,-26.611763626969427,0.3836207985877991,0.01171753741800785,-37.68727291250213,-37.63343010769805,0.4038281738758087,0.013443460687994957,0.08092981576919556,0.0746103972196579,-0.15571588277816772,-0.049719542264938354,0.18432758748531342,-0.004716598894447088,0.15103848278522491,0.021653754636645317,0.28626149892807007,0.2871832549571991,0.0458432175219059,-0.05642170086503029,-0.16958940029144287,-0.09044290333986282,-0.2368052899837494,-0.21648983657360077,-0.34046831727027893,-0.3335281014442444,0.1582971215248108,0.19399268925189972,308,303,0,303,306,302,2,1,2.681798219680786,-2.01088285446167,393.04437255859375,496.896728515625,1.1655598878860474,0.06447678804397583,1.3989020586013794,5.324532985687256,31,31,False,True,1.6526587009429932,1.560265064239502,1.0000000200408773e+20,1.0000000200408773e+20,1.0000000200408773e+20,1.0000000200408773e+20,1.0000000200408773e+20,1.0000000200408773e+20,1.0000000200408773e+20,1.0000000200408773e+20,1.0000000200408773e+20,1.0000000200408773e+20,1.0000000200408773e+20,1.0000000200408773e+20,1.0000000200408773e+20,1.0000000200408773e+20,36,34,24,23,0.6017594337463379,0.019672179594635963,39,38,14,14,0,3,0.019465532153844833,0.011950136162340641,100.96322631835938,116.49790954589844,1,0,0,0,1.1101226806640625,0.9175468683242798,0.25968363881111145,1.0000000200408773e+20,0.09327628463506699,1.0000000200408773e+20,0.10133872181177139,1.0000000200408773e+20,0.017191363498568535,1.0000000200408773e+20,-102.17582702636719,1.0000000200408773e+20,-58.82503890991211,1.0000000200408773e+20,18.982444763183594,1.0000000200408773e+20,5.134544372558594,1.0000000200408773e+20,False,False,320,307,2.979864863766432e-17,3607448.931950914,1.090053068479745e-19,594.586669921875,273.3687744140625,6067.154296875,19.824588775634766,9.294366836547852,33,37,4.4120041936560796e-17,1951891.78451818,2.3099354807380034e-18,1350.8482666015625,19.10011863708496,1444.9378662109375,19.923072814941406,9.61240291595459,30,35,1.5943546574394087e-17,2366975.0726885144,1.3750130262909716e-18,669.782958984375,11.595196723937988,3533.943359375,19.77752685546875,8.812411308288574,0,0,1,0,0,0,0,0,0,0,1.101912260055542,1.197208046913147,0.14554595947265625,0.7999916076660156,0.09848403930664062,0.3180360794067383,0.047061920166015625,0.48195552825927734,1.0000000200408773e+20,-30.40349006652832,1.0000000200408773e+20,0.11809445172548294,0,2,1.0000000200408773e+20,6000.0,1.0000000200408773e+20,4.5,1.0000000200408773e+20,0.0,87.92256577897604,87.9272493358824,21.77145196321303,21.750828305587163,314.64148949175296,314.7297583085887,78.93197348557784,78.91945188707486,2153552814748001792,2153552647245580544,5.011773180508721,5.590438282532193,0.4269263262540799,0.023968456898276345,-26.4932104205828,-26.784008671532526,-37.172196128527055,-37.72599423193254,0.7200115648133038,0.041087700831360166,0.7612082531209754,0.04550263031323575,1.0795485,1.1131035,0.021077380505969648,13565.70816984458,WDMS,1019.2282555604978,0.029983574159377045,178.35098266601562,-30.710433959960938,0.15270623564720154,3.0327501688644656,13.565463427874818,0.0033560202640016456,0.048032748158071736,0.07912165807950793,19.82457701897666,19.923057268736525,19.77751860834192,0.0067775427053977004
1636042515805110273,1636042515805110273,2577004017102144256,2577004021395562624,17253878,1715452574,2016.0,2016.0,17.310221811530138,17.30922923819197,0.4830258786678314,0.01267580408602953,7.342793815908772,7.344422208830207,0.3140995502471924,0.009156114421784878,4.30965366965152,4.3740093615002245,0.6094251871109009,0.015763171017169952,7.071669578552246,277.4828186035156,36.29810333251953,36.633827209472656,-35.16976996512481,-35.34270582533803,0.784298837184906,0.019282346591353416,-8.97996080050015,-9.640042134027262,0.44740837812423706,0.013760303147137165,0.4161960780620575,0.4582776725292206,-0.07645918428897858,0.08871816098690033,-0.13848765194416046,-0.08478125929832458,0.06754637509584427,0.09543967992067337,-0.018458185717463493,0.047094035893678665,0.10433810949325562,0.07192561030387878,0.01637892797589302,-0.037261731922626495,-0.21909551322460175,-0.21680016815662384,0.20167984068393707,0.13009387254714966,0.3218400776386261,0.3932124376296997,321,331,0,0,320,331,1,0,-0.5990622639656067,-0.12425515055656433,317.7092590332031,344.3686218261719,0.0,0.0,0.0,0.0,31,31,False,True,1.6932132244110107,1.4711391925811768,1.0000000200408773e+20,1.0000000200408773e+20,1.0000000200408773e+20,1.0000000200408773e+20,1.0000000200408773e+20,1.0000000200408773e+20,1.0000000200408773e+20,1.0000000200408773e+20,1.0000000200408773e+20,1.0000000200408773e+20,1.0000000200408773e+20,1.0000000200408773e+20,1.0000000200408773e+20,1.0000000200408773e+20,37,38,16,17,1.1142686605453491,0.028363123536109924,41,42,24,26,0,0,0.02651998959481716,0.06292948871850967,72.50174713134766,69.21175384521484,1,1,0,0,0.9751784205436707,0.9941170811653137,0.24613459408283234,0.2637810707092285,0.6091018319129944,0.5654678344726562,0.29865947365760803,0.29570120573043823,0.2617402672767639,0.26677075028419495,145.30116271972656,153.07962036132812,-27.77887535095215,-27.28020477294922,29.214040756225586,30.47177505493164,40.07929611206055,36.184226989746094,False,False,312,324,2.3200790683930648e-17,107932.68401586468,1.1766392192465774e-19,15.535805702209473,197.17845153808594,6947.35009765625,20.096324920654297,13.104484558105469,33,36,3.831924956679045e-17,48170.54488351642,2.2998515078031465e-18,20.439905166625977,16.661619186401367,2356.691162109375,20.076120376586914,13.631587982177734,32,38,1.3380874387134278e-17,84765.85329848286,1.3200822392736614e-18,39.62040328979492,10.136394500732422,2139.449462890625,19.967777252197266,12.427343368530273,0,0,0,0,0,0,1,0,0,0,1.2126802206039429,1.23166024684906,0.10834312438964844,1.204244613647461,-0.020204544067382812,0.5271034240722656,0.12854766845703125,0.6771411895751953,1.0000000200408773e+20,1.0000000200408773e+20,1.0000000200408773e+20,1.0000000200408773e+20,0,0,1.0000000200408773e+20,1.0000000200408773e+20,1.0000000200408773e+20,1.0000000200408773e+20,1.0000000200408773e+20,1.0000000200408773e+20,130.69421353389757,130.69215247669254,-55.26041252375132,-55.25891542827208,18.759227022227233,18.75893474126196,-0.007273290155661304,-0.0053930398743581125,2577004017102144256,2577004021395562624,4.546665812593235,4.362587529806112,0.8278729919986342,0.0373812885596093,-32.797323865029945,-35.363333872208045,-7.972573231724565,-9.520392839093285,1.7554392839855133,0.05712535871793337,0.8249803626805668,0.03775908892709679,1.0391054,1.125922,0.0019028319111141338,1566.1134473798566,WDMS,424.62538816917674,8.354395854820347e-06,226.46408081054688,-26.01519775390625,1.4606560468673706,6.308883099125608,13.268536775631201,0.004652796264362838,0.055062547821255046,0.09050863106160716,20.096095046536902,20.07581640669224,19.967615998805005,0.007140825896984867
1636042515805110273,1636042515805110273,2809172631816775168,2809172631814463104,141771993,1478848218,2016.0,2016.0,10.391720380174714,10.392416380504688,0.5404935479164124,0.015993237495422363,26.723785023569437,26.719949427790947,0.3195812702178955,0.010341082699596882,7.602417770808578,7.2750088178754995,0.6053301095962524,0.019026780501008034,12.559126853942871,382.35626220703125,75.75189208984375,75.3552017211914,-12.72915895266791,-14.451859987463394,0.8886224031448364,0.024902833625674248,-74.67474237579061,-73.9564042408628,0.5535552501678467,0.01370004191994667,0.05377276986837387,0.06848139315843582,0.17424824833869934,0.09129983186721802,0.40377283096313477,0.17426899075508118,-0.11447349190711975,-0.21833573281764984,-0.14117807149887085,-0.12052114307880402,-0.09672822058200836,-0.17902986705303192,-0.08159203082323074,-0.1447553187608719,0.027823353186249733,-0.21990525722503662,0.004517599940299988,-0.018556587398052216,0.04248567670583725,-0.008548369631171227,222,251,0,251,222,248,0,3,-0.6547113060951233,-1.0599452257156372,216.86183166503906,534.3914184570312,0.0,0.07347498089075089,0.0,5.987144470214844,31,31,False,True,1.6421852111816406,1.5537450313568115,1.0000000200408773e+20,1.0000000200408773e+20,1.0000000200408773e+20,1.0000000200408773e+20,1.0000000200408773e+20,1.0000000200408773e+20,1.0000000200408773e+20,1.0000000200408773e+20,1.0000000200408773e+20,1.0000000200408773e+20,1.0000000200408773e+20,1.0000000200408773e+20,1.0000000200408773e+20,1.0000000200408773e+20,25,28,16,17,1.2516299486160278,0.03474452719092369,29,31,10,11,0,0,0.017210008576512337,0.015343592502176762,173.67996215820312,68.9486083984375,0,0,0,0,0.9672185182571411,0.9509580135345459,0.33571115136146545,1.0000000200408773e+20,0.42836278676986694,1.0000000200408773e+20,0.04071879759430885,1.0000000200408773e+20,0.5808711647987366,1.0000000200408773e+20,-40.85826873779297,1.0000000200408773e+20,-5.7215962409973145,1.0000000200408773e+20,-43.378440856933594,1.0000000200408773e+20,13.000113487243652,1.0000000200408773e+20,False,False,226,236,2.2792334001240805e-17,1541554.8683600544,1.202786639773527e-19,342.13079833984375,189.49606323242188,4505.7470703125,20.11560821533203,10.217469215393066,23,30,3.426453954836024e-17,824659.5248765962,3.0898781339789952e-18,364.609375,11.089284896850586,2261.76171875,20.197551727294922,10.547855377197266,20,30,1.4869669678012e-17,1028287.1096267776,2.1960506522944793e-18,196.19273376464844,6.7710957527160645,5241.208984375,19.853235244750977,9.717609405517578,0,0,20,0,0,0,17,0,0,0,1.2084970474243164,1.2019984722137451,0.3443164825439453,0.8302459716796875,0.08194351196289062,0.3303861618041992,0.2623729705810547,0.4998598098754883,1.0000000200408773e+20,-16.34235191345215,1.0000000200408773e+20,0.3045292794704437,0,7,1.0000000200408773e+20,5750.0,1.0000000200408773e+20,4.5,1.0000000200408773e+20,0.0,120.20392131973014,120.20446473701537,-36.0956740669445,-36.099534826728686,20.398169103817644,20.397063702963614,20.39537772278812,20.39163276231005,2809172631816775168,2809172631814463104,7.648511771462929,7.144172508461646,0.7591128822957312,0.05175472413257574,-12.741540737654637,-14.36848385710697,-73.8944333880138,-73.97663325398277,1.4209118646335683,0.08373867915553604,1.2145473457332239,0.06742560314090505,0.9948087,0.974052,0.003885648634380819,1922.7928699412798,WDMS,625.160616464965,0.004930539760534628,136.84588623046875,-16.599769592285156,0.24919842183589935,4.526636835677534,14.52036687248278,0.004841425987279451,0.08273131987170582,0.13549227472461664,20.1152988581472,20.19714265439904,19.85301823512832,0.006283612206591074
1636042515805110273,1636042515805110273,3249027001465705088,3249027864755472896,777685742,1447224576,2016.0,2016.0,53.713824909148926,53.72485324032922,0.11357872933149338,0.02269904688000679,-3.4247499092447784,-3.412063935050661,0.09129655361175537,0.01634521782398224,6.162521115380795,6.476544144873024,0.14292562007904053,0.027981489896774292,43.116981506347656,231.45816040039062,40.146846771240234,40.325828552246094,34.52283176142174,34.80647931378235,0.14419791102409363,0.0280655138194561,-20.49251937128401,-20.363730354758072,0.12067610025405884,0.021384984254837036,0.03532516211271286,-0.07855569571256638,0.40065136551856995,0.4203394651412964,0.15023429691791534,0.16918231546878815,0.09850961714982986,0.09363114833831787,-0.06401225179433823,-0.07452056556940079,0.1170760914683342,0.10012461245059967,0.5387551784515381,0.5770375728607178,0.19044554233551025,0.28518521785736084,-0.11108755320310593,-0.11639270931482315,-0.017734501510858536,-0.1400890052318573,385,369,0,369,381,365,4,4,0.45619499683380127,0.42564359307289124,404.7243347167969,1345.4449462890625,0.0,0.15843932330608368,0.0,23.757232666015625,31,31,False,True,1.7820881605148315,1.6964746713638306,1.0000000200408773e+20,1.0000000200408773e+20,1.0000000200408773e+20,1.0000000200408773e+20,1.0000000200408773e+20,1.0000000200408773e+20,1.0000000200408773e+20,1.0000000200408773e+20,1.0000000200408773e+20,1.0000000200408773e+20,1.0000000200408773e+20,1.0000000200408773e+20,1.0000000200408773e+20,1.0000000200408773e+20,44,42,17,16,0.20224127173423767,0.04014372080564499,44,42,8,7,0,2,0.08631226420402527,0.05808460712432861,84.57400512695312,92.2497329711914,0,0,0,0,1.0157904624938965,1.0149739980697632,0.5038749575614929,1.0000000200408773e+20,0.3980746567249298,1.0000000200408773e+20,0.3137717843055725,1.0000000200408773e+20,0.8145869374275208,1.0000000200408773e+20,-2.539684772491455,1.0000000200408773e+20,9.399044036865234,1.0000000200408773e+20,24.676265716552734,1.0000000200408773e+20,23.161151885986328,1.0000000200408773e+20,False,True,377,358,1.300813386661231e-16,18665929.445340883,2.0415521844719806e-19,5906.97802734375,637.1688232421875,3159.9794921875,18.224544525146484,7.509742736816406,42,40,2.139916422982979e-16,12697151.449660959,3.268500640288347e-18,5843.70947265625,65.47088623046875,2172.78955078125,18.20867156982422,7.5792765617370605,39,38,5.560697397836021e-17,9024300.516149024,1.4691633480093271e-18,4160.54296875,37.84941482543945,2169.02001953125,18.421165466308594,7.35936164855957,0,0,1,38,0,0,0,38,0,0,1.0871071815490723,1.163695216178894,-0.212493896484375,0.21991491317749023,-0.015872955322265625,0.0695338249206543,-0.19662094116210938,0.15038108825683594,1.0000000200408773e+20,1.0000000200408773e+20,1.0000000200408773e+20,1.0000000200408773e+20,0,0,1.0000000200408773e+20,1.0000000200408773e+20,1.0000000200408773e+20,1.0000000200408773e+20,1.0000000200408773e+20,1.0000000200408773e+20,188.90321931288267,188.89770887536656,-44.36300446837979,-44.346676539442825,50.41437627128085,50.42933548986072,-22.01641057410934,-22.006935243747098,3249027001465705088,3249027864755472896,6.208841787775715,6.375711112690452,0.17974889516486545,0.04908109196966135,34.7260470454608,34.806058634359445,-20.580207927911054,-20.600729053742793,0.3231830776881327,0.08465682606060286,0.3206739366158954,0.07592880844216647,0.9948601,0.95492035,0.01679659515093366,9336.42096630018,WDMS,484.78595665791323,0.004338753124183555,153.67922973632812,14.322169303894043,0.24207434058189392,1.5664593871828831,12.173336626960463,0.0014398557661573785,0.014012811007130449,0.024238979144988012,18.22249040518878,18.205955341332405,18.41972453065631,0.007198684270318171
1636042515805110273,1636042515805110273,3305291519719761280,3305291627095364992,975989503,609170468,2016.0,2016.0,62.20209732095455,62.203673945866036,0.7031046152114868,0.014084340073168278,13.014435051191022,13.022231160658748,0.5110012888908386,0.010090411640703678,4.965907884651013,4.470272966325271,0.7991180419921875,0.015235445462167263,6.214235782623291,293.4126892089844,25.832029342651367,25.091596603393555,-0.10573982630377277,-0.3440520791293049,1.0614122152328491,0.018886582925915718,-25.831812067374905,-25.089238193896875,0.8271234035491943,0.014267107471823692,0.1380837857723236,0.10841778665781021,0.04176190122961998,0.15379279851913452,-0.33017194271087646,-0.2965172529220581,0.09663327038288116,0.1363566666841507,0.013041302561759949,-0.1005266085267067,0.10901518166065216,0.1124904453754425,-0.0012656629551202059,0.07074352353811264,0.34980273246765137,0.17818258702754974,0.064982108771801,-0.05272678658366203,0.22100666165351868,0.10628356784582138,193,217,0,217,193,213,0,4,0.5682097673416138,-2.812622308731079,211.47093200683594,300.8602600097656,0.5228343605995178,0.057649966329336166,0.0800633355975151,3.660447835922241,95,31,False,True,1.0000000200408773e+20,1.5299487113952637,1.473244071006775,1.0000000200408773e+20,0.16832803189754486,1.0000000200408773e+20,-0.007486357819288969,1.0000000200408773e+20,0.12405563145875931,1.0000000200408773e+20,-0.09905969351530075,1.0000000200408773e+20,0.024645859375596046,1.0000000200408773e+20,0.2981129586696625,1.0000000200408773e+20,23,25,15,16,1.542262077331543,0.026746580377221107,27,31,7,8,0,0,0.04713767394423485,0.032255541533231735,93.85382080078125,131.081787109375,0,0,0,0,1.0277254581451416,0.863792896270752,0.32675978541374207,1.0000000200408773e+20,0.3216545879840851,1.0000000200408773e+20,0.1226123496890068,1.0000000200408773e+20,0.6227306723594666,1.0000000200408773e+20,-22.219715118408203,1.0000000200408773e+20,-18.22759246826172,1.0000000200408773e+20,-53.78862380981445,1.0000000200408773e+20,33.476078033447266,1.0000000200408773e+20,False,False,201,237,1.6547418230473478e-17,3137209.4184321226,1.1973770914699974e-19,470.81884765625,138.1972198486328,6663.3046875,20.463254928588867,9.44600772857666,20,29,2.60043140817326e-17,1602550.200012753,4.498507720639776e-18,707.4169921875,5.780653476715088,2265.3544921875,20.49704933166504,9.826513290405273,19,30,1.009187429782497e-17,2205163.000518506,1.3855375090107637e-18,680.08740234375,7.283725261688232,3242.469970703125,20.274059295654297,8.889293670654297,2,0,0,0,1,0,0,0,0,0,1.2040557861328125,1.2137261629104614,0.2229900360107422,0.9372196197509766,0.033794403076171875,0.3805055618286133,0.1891956329345703,0.5567140579223633,1.0000000200408773e+20,0.8374304175376892,1.0000000200408773e+20,0.2543765604496002,0,6,1.0000000200408773e+20,6000.0,1.0000000200408773e+20,4.5,1.0000000200408773e+20,0.0,179.39642514155906,179.39085427280187,-27.534149981603132,-27.527926231139904,62.69995530460155,62.702951918634284,-7.829205884432298,-7.821835286761051,3305291519719761280,3305291627095364992,5.549928419306337,4.434237836052471,1.1608732585581285,0.053374724551747396,0.0996070892549028,-0.38828005877817917,-25.95478036255998,-25.142926821527812,3.4283055678745136,0.1060762923740039,2.0213645962056663,0.07521384768647098,1.0192256,1.0602738,0.00794600112574654,6399.073226215624,WDMS,589.1915993261965,0.02504387283748579,221.97206115722656,0.3836781978607178,0.18603886663913727,2.6976779439559415,13.943248225222472,0.006638564867289925,0.1587071779846872,0.12595631810848376,20.461277481123922,20.494434489661682,20.272672144654635,0.007152048722393363
1636042515805110273,1636042515805110273,3639268180952016768,3639268180952482944,254189388,1558804337,2016.0,2016.0,212.67106079643028,212.67349428750603,0.7271834015846252,0.017501724883913994,-8.471733089112103,-8.473497188822048,0.5545945763587952,0.013343548402190208,6.80772704214762,5.909711302619241,0.7693624496459961,0.019584305584430695,8.848530769348145,301.75750732421875,118.16468048095703,116.91153717041016,-117.14395720770489,-115.90902555221669,0.829060971736908,0.019456053152680397,-15.497877024748684,-15.277609057375404,0.7801079750061035,0.01586271822452545,-0.14542555809020996,-0.14986355602741241,-0.5742310881614685,-0.4947666525840759,0.22928258776664734,-0.019283542409539223,-0.0717671811580658,-0.15762242674827576,0.10863953083753586,0.00041637913091108203,-0.10727211833000183,-0.09614051133394241,0.3165559768676758,-0.004034604411572218,-0.15326789021492004,-0.045030977576971054,-0.01353382132947445,0.16823852062225342,-0.07753337919712067,-0.18348094820976257,145,213,0,213,145,210,0,3,0.5755460262298584,0.9892791509628296,160.73638916015625,664.8553466796875,1.0692198276519775,0.10797608643770218,0.4444679617881775,17.338768005371094,31,31,False,True,1.6024304628372192,1.5250991582870483,1.0000000200408773e+20,1.0000000200408773e+20,1.0000000200408773e+20,1.0000000200408773e+20,1.0000000200408773e+20,1.0000000200408773e+20,1.0000000200408773e+20,1.0000000200408773e+20,1.0000000200408773e+20,1.0000000200408773e+20,1.0000000200408773e+20,1.0000000200408773e+20,1.0000000200408773e+20,1.0000000200408773e+20,17,24,10,14,1.2003369331359863,0.02773117832839489,19,27,6,10,0,0,0.06130604445934296,0.0390007346868515,21.1619873046875,88.56348419189453,0,0,0,0,1.0321847200393677,1.0476008653640747,0.5186756253242493,1.0000000200408773e+20,0.20343010127544403,1.0000000200408773e+20,0.43914422392845154,1.0000000200408773e+20,0.921078622341156,1.0000000200408773e+20,-142.42288208007812,1.0000000200408773e+20,42.26091003417969,1.0000000200408773e+20,6.754086494445801,1.0000000200408773e+20,-26.86178970336914,1.0000000200408773e+20,False,False,161,214,1.9646707543173042e-17,727875.6811361191,1.4833095222020807e-19,156.07269287109375,132.45184326171875,4663.69677734375,20.276857376098633,11.03222370147705,14,22,2.8539739345923174e-17,368291.1666891741,3.377044004381235e-18,238.38478088378906,8.45110034942627,1544.944091796875,20.396038055419922,11.423064231872559,16,24,8.597194014439697e-18,510400.71742821584,1.541432483559328e-18,179.99000549316406,5.5774054527282715,2835.717041015625,20.448097229003906,10.478116989135742,0,0,0,0,0,0,0,0,0,0,1.0093404054641724,1.207200527191162,-0.052059173583984375,0.9449472427368164,0.11918067932128906,0.3908405303955078,-0.17123985290527344,0.5541067123413086,1.0000000200408773e+20,-31.992128372192383,1.0000000200408773e+20,0.2516551911830902,0,4,1.0000000200408773e+20,5500.0,1.0000000200408773e+20,4.5,1.0000000200408773e+20,0.0,334.0450777929837,334.04709801985064,49.552376807114484,49.549695849256906,213.37459844817667,213.37746660152672,4.42869732781494,4.427844033241639,3639268180952016768,3639268180952482944,6.692982227497083,5.8545368475252095,0.7846660922698563,0.046403544554659795,-118.52263588638294,-115.9456433379163,-15.608216006321815,-15.535465151340295,1.444913949855381,0.06579225838641165,1.3314537410465352,0.05983643729747181,1.0480015,1.0630105,0.002984187304147859,1817.8678694796577,WDMS,508.6591981216975,3.432761331571517e-08,168.0887908935547,-31.824512481689453,0.4881509244441986,4.890055029113584,14.441868047390823,0.006926526600185878,0.10855759651670428,0.16449067444823892,20.276770904194546,20.395923710856575,20.448036570204962,0.00374313979270848
1636042515805110273,1636042515805110273,4248619071266347648,4247868414062631552,1628250266,709923998,2016.0,2016.0,301.35106967868836,301.345289624303,0.19261378049850464,0.015350233763456345,5.137256051068365,5.124689379689445,0.13221600651741028,0.00929998978972435,7.075986159119268,6.995178359581493,0.25491470098495483,0.01955631747841835,27.758251190185547,357.6940612792969,30.54435157775879,30.54012107849121,-15.98577922658821,-15.69467654860739,0.26682108640670776,0.02177407406270504,-26.027145826797614,-26.198781198073238,0.17794889211654663,0.012061145156621933,0.2447819709777832,0.19464640319347382,-0.04687744379043579,-0.04875599965453148,-0.2517751157283783,-0.2869202494621277,0.10972510278224945,0.14393211901187897,0.023705942556262016,0.032368164509534836,0.07022092491388321,0.023058898746967316,0.4526684284210205,0.5298811197280884,-0.1702234148979187,-0.12623924016952515,-0.17814145982265472,-0.248358815908432,0.22763201594352722,0.07466927915811539,577,591,0,591,577,585,0,6,0.31941211223602295,-4.255290985107422,608.65576171875,1655.3863525390625,0.0,0.1203952208161354,0.0,22.08155059814453,31,95,False,False,1.6969130039215088,1.0000000200408773e+20,1.0000000200408773e+20,1.579534888267517,1.0000000200408773e+20,0.00255045248195529,1.0000000200408773e+20,0.08836611360311508,1.0000000200408773e+20,-0.03778063505887985,1.0000000200408773e+20,0.06139792129397392,1.0000000200408773e+20,-0.007338317111134529,1.0000000200408773e+20,-0.031163889914751053,68,67,20,20,0.38120219111442566,0.030590441077947617,71,71,19,71,0,0,0.0614367350935936,0.030854567885398865,79.03189086914062,79.18655395507812,0,0,0,0,1.0088739395141602,0.8770449161529541,0.5484378337860107,1.0000000200408773e+20,0.5416955351829529,1.0000000200408773e+20,0.41309475898742676,1.0000000200408773e+20,0.2586752474308014,1.0000000200408773e+20,-179.6389923095703,1.0000000200408773e+20,-7.373289585113525,1.0000000200408773e+20,-57.7316780090332,1.0000000200408773e+20,11.931796073913574,1.0000000200408773e+20,False,True,579,588,5.699525288671754e-17,1765919.5019056057,1.0409322580889826e-19,328.58587646484375,547.5404663085938,5374.30126953125,19.120485305786133,10.069939613342285,58,66,8.784605295568782e-17,990133.6902824149,2.426456686958545e-18,215.59588623046875,36.20343017578125,4592.54443359375,19.175357818603516,10.349308013916016,56,68,3.0600609941510156e-17,1122358.9430072275,1.2651544211248922e-18,184.04800415039062,24.187252044677734,6098.18603515625,19.069664001464844,9.622566223144531,0,0,4,0,0,0,6,0,0,0,1.1305816173553467,1.1962565183639526,0.10569381713867188,0.7267417907714844,0.05487251281738281,0.27936840057373047,0.05082130432128906,0.4473733901977539,1.0000000200408773e+20,33.24044418334961,1.0000000200408773e+20,0.5022798180580139,0,4,1.0000000200408773e+20,6000.0,1.0000000200408773e+20,3.5,1.0000000200408773e+20,0.0,46.25765090862335,46.24346484180107,-13.904832867644657,-13.906033357977435,304.8295007050595,304.82016430203106,24.865416831821058,24.85449435195482,4248619071266347648,4247868414057315712,7.062260493986527,7.113451000533841,0.36899447365429755,0.08109365816248869,-15.954474137695094,-15.785861228661972,-25.64148425945131,-26.104123507883095,0.609665579322217,0.10994220553425954,0.35304624025436937,0.08582465946848511,0.9753609,0.87128717,0.013822555683918743,7113.642841422071,WDMS,1545.3944974223039,0.0023472233288806513,142.31100463867188,34.05265426635742,0.2577316164970398,4.293933575311755,13.369420179501407,0.001675549584656671,0.02534100255339259,0.03793035928665863,19.120297219623346,19.175109106257207,19.069532061722647,0.007001884607420573
1636042515805110273,1636042515805110273,4595031204703995136,4595031204703143296,818419717,245494661,2016.0,2016.0,263.1142147313928,263.1159296634299,0.28807201981544495,0.00778054166585207,27.25930560526601,27.257502284859005,0.4523841142654419,0.011416032910346985,3.390334748345463,3.7629385148428187,0.4417682886123657,0.012158091180026531,7.674463748931885,309.5007629394531,2.9520089626312256,2.3235130310058594,1.5331968403216143,1.1530259667733185,0.41665223240852356,0.010576222091913223,-2.5226303352617925,-2.0172366617861957,0.6562303900718689,0.013873953372240067,0.07376905530691147,0.07377571612596512,-0.10979760438203812,-0.032775986939668655,-0.10034162551164627,-0.044743917882442474,0.17786253988742828,-0.026131032034754753,0.12847276031970978,-0.010017777793109417,0.2218843549489975,-0.04811036214232445,0.07050896435976028,-0.3032323122024536,0.05212420970201492,-0.14740930497646332,0.09402386844158173,0.002397001488134265,0.2766820788383484,0.1653217375278473,376,444,0,0,375,441,1,3,-0.6083835363388062,0.08287794888019562,370.5145568847656,435.4864501953125,0.0,0.0,0.0,0.0,95,31,False,True,1.0000000200408773e+20,1.4527746438980103,1.5863608121871948,1.0000000200408773e+20,0.10523510724306107,1.0000000200408773e+20,-0.008761178702116013,1.0000000200408773e+20,-0.10045281797647476,1.0000000200408773e+20,-0.06569252908229828,1.0000000200408773e+20,-0.026053501293063164,1.0000000200408773e+20,-0.03447515517473221,1.0000000200408773e+20,44,51,26,28,0.9315487742424011,0.019926099106669426,51,57,51,22,0,0,0.04947171360254288,0.022192666307091713,46.96063232421875,27.13568687438965,0,0,1,0,0.9767924547195435,1.0020427703857422,0.10780542343854904,0.1357680708169937,0.35253316164016724,0.3083980083465576,0.06410667300224304,0.15189500153064728,0.2666758596897125,0.2632993459701538,-149.4580841064453,-144.11270141601562,-83.48672485351562,-81.63957977294922,-59.2594108581543,-56.582435607910156,12.493185043334961,11.562131881713867,False,False,405,473,2.0922413059129307e-17,64887.68688175054,9.593126761951789e-20,11.595182418823242,218.0979461669922,5596.09033203125,20.20855140686035,13.656961441040039,49,56,3.502139861075139e-17,27521.33267207611,1.8351595301580374e-18,22.22637176513672,19.083572387695312,1238.228759765625,20.173830032348633,14.239368438720703,42,56,1.070925287558163e-17,52958.29105615883,9.310953016180385e-19,26.28864097595215,11.501779556274414,2014.4932861328125,20.209590911865234,12.938060760498047,0,0,0,1,0,0,1,0,0,0,1.1693172454833984,1.2402911186218262,-0.03576087951660156,1.3013076782226562,-0.03472137451171875,0.5824069976806641,-0.0010395050048828125,0.7189006805419922,1.0000000200408773e+20,1.0000000200408773e+20,1.0000000200408773e+20,1.0000000200408773e+20,0,0,1.0000000200408773e+20,1.0000000200408773e+20,1.0000000200408773e+20,1.0000000200408773e+20,1.0000000200408773e+20,1.0000000200408773e+20,50.85987595255268,50.85845019614546,28.432928544823465,28.430927532594424,260.3610368207445,260.3636373876663,50.468441254741556,50.466757206794064,4595031200405479808,4595031204703143296,3.0201230242849446,3.735244064984417,0.5686943457057749,0.016156177571370344,-0.01339712860971988,1.1702193323723922,-1.9476121313189205,-2.033691819132602,0.8725915937772833,0.022037134617929513,1.1807440683968555,0.027942762007368428,1.0296758,0.9740917,0.0023613620121951525,2259.1129805525507,WDMS,862.9381014442565,0.0005946426764292472,263.67559814453125,4.15148401260376,1.531806230545044,6.5345970517961,12.859764311123447,0.004206509880905453,0.04807439631946615,0.07976428262253343,20.20851315712672,20.17377945350298,20.209564080226375,0.006325766312698928
1636042515805110273,1636042515805110273,4762592584885748608,4762592550527317632,1383057977,1338564407,2016.0,2016.0,81.08108195558329,81.08477505793738,0.21866640448570251,0.019573375582695007,-59.947727725271655,-59.95458863551299,0.25759512186050415,0.02076015993952751,3.846178089214664,3.8652790607417713,0.22798359394073486,0.018553026020526886,16.87041664123535,208.33685302734375,5.982089996337891,5.683311939239502,-4.515171468418579,-4.823549957375979,0.3310301899909973,0.02759082056581974,-3.924108260392094,-3.0055617994976465,0.37619999051094055,0.02788926474750042,0.036204855889081955,-0.08724336326122284,0.31596285104751587,0.03851865231990814,-0.016812443733215332,0.08948742598295212,-0.14012686908245087,-0.19930461049079895,0.07875780761241913,0.015571988187730312,-0.07253213971853256,-0.1920492798089981,-0.45436030626296997,-0.39822813868522644,0.07627300918102264,-0.04659589007496834,0.004362408071756363,-0.06693191081285477,-0.18776673078536987,-0.1187402531504631,270,256,0,256,270,255,0,1,0.552994966506958,2.6770336627960205,287.63531494140625,937.3109130859375,0.35305094718933105,0.16046784818172455,0.24943439662456512,22.51322364807129,31,31,False,True,1.8331716060638428,1.6684333086013794,1.0000000200408773e+20,1.0000000200408773e+20,1.0000000200408773e+20,1.0000000200408773e+20,1.0000000200408773e+20,1.0000000200408773e+20,1.0000000200408773e+20,1.0000000200408773e+20,1.0000000200408773e+20,1.0000000200408773e+20,1.0000000200408773e+20,1.0000000200408773e+20,1.0000000200408773e+20,1.0000000200408773e+20,31,29,22,22,0.552766740322113,0.04101391136646271,38,37,15,15,1,5,0.024007149040699005,0.0317060761153698,15.125347137451172,21.342304229736328,0,1,0,0,1.0228488445281982,1.120693325996399,0.07462646812200546,1.0000000200408773e+20,0.10669571161270142,1.0000000200408773e+20,0.030736960470676422,1.0000000200408773e+20,0.16227298974990845,1.0000000200408773e+20,-64.12420654296875,1.0000000200408773e+20,45.59952926635742,1.0000000200408773e+20,4.571600437164307,1.0000000200408773e+20,-2.082491636276245,1.0000000200408773e+20,False,False,309,295,4.314438500844624e-17,6963488.765727376,1.2039638529965493e-19,2315.067138671875,358.3528137207031,3007.899169921875,19.42276954650879,8.580299377441406,28,36,7.109105328205283e-17,4535738.839882288,2.742146725719141e-18,5077.32958984375,25.92532730102539,893.3316040039062,19.405126571655273,8.696922302246094,27,36,1.7204323682915194e-17,3615678.0699323374,1.286322766331052e-18,2025.9324951171875,13.374811172485352,1784.6982421875,19.694894790649414,8.352420806884766,0,0,1,4,0,0,0,3,0,0,1.0647162199020386,1.1705938577651978,-0.2897682189941406,0.3445014953613281,-0.017642974853515625,0.1166229248046875,-0.272125244140625,0.22787857055664062,1.0000000200408773e+20,1.0000000200408773e+20,1.0000000200408773e+20,1.0000000200408773e+20,0,0,1.0000000200408773e+20,1.0000000200408773e+20,1.0000000200408773e+20,1.0000000200408773e+20,1.0000000200408773e+20,1.0000000200408773e+20,268.7835566509934,268.79166325898586,-34.059039616977365,-34.05671885911124,54.68794683952029,54.67671438580264,-82.28072686263191,-82.28767075633723,4762592584885748608,4762592550527317632,3.6059618580415376,3.7968918139775134,0.3171743049556546,0.034297124719338004,-4.798532743082244,-5.07210969018485,-3.993623913044062,-3.1246679810237827,0.6356333668110091,0.06815141783669207,0.6932050360161488,0.07660762761919628,1.0186635,1.1507466,0.007105766278856698,6618.088423083999,WDMS,733.0676678812699,0.015154018167920547,258.0550231933594,-3.5605900287628174,0.5790656805038452,1.5162036477108387,12.347916493827363,0.002560133823575376,0.03538744785571828,0.06859395646185325,19.422599155646793,19.404901258370934,19.69477526390661,0.0059727301554456215
1636042515805110273,1636042515805110273,5309155039065680512,5309155039072933888,1219734608,1770831452,2016.0,2016.0,144.35886329588214,144.35377579929414,0.2494015395641327,0.009780427441000938,-53.31675538451881,-53.315074215726035,0.25209811329841614,0.009111637249588966,3.297523179916308,3.362744786842931,0.2935252785682678,0.010905117727816105,11.23420524597168,308.3639221191406,30.83147430419922,30.757190704345703,-25.658613128044745,-25.562207466188603,0.36308717727661133,0.012895023450255394,17.094308590051874,17.10492182587045,0.3076336979866028,0.010639323852956295,-0.11700339615345001,0.06591543555259705,-0.04805267974734306,-0.046893149614334106,0.11326874047517776,0.03452891856431961,0.018421398475766182,0.08900459855794907,0.3480387330055237,0.2416810542345047,0.03542564809322357,0.1202014908194542,-0.1277853399515152,-0.18118713796138763,0.019681336358189583,0.166179358959198,0.031192364171147346,-0.017176566645503044,-0.1375689059495926,0.13077323138713837,316,405,0,405,316,400,0,5,-1.644186019897461,-1.7062923908233643,281.5684814453125,774.089111328125,0.0,0.07675977051258087,0.0,8.440629005432129,31,31,False,True,1.7772126197814941,1.603639841079712,1.0000000200408773e+20,1.0000000200408773e+20,1.0000000200408773e+20,1.0000000200408773e+20,1.0000000200408773e+20,1.0000000200408773e+20,1.0000000200408773e+20,1.0000000200408773e+20,1.0000000200408773e+20,1.0000000200408773e+20,1.0000000200408773e+20,1.0000000200408773e+20,1.0000000200408773e+20,1.0000000200408773e+20,37,46,25,27,0.513299822807312,0.018187686800956726,50,64,13,17,0,1,0.01892901584506035,0.012524701654911041,142.65957641601562,178.89065551757812,0,0,0,0,0.9337561130523682,0.9390847682952881,0.21788901090621948,1.0000000200408773e+20,0.09375733137130737,1.0000000200408773e+20,0.06240038201212883,1.0000000200408773e+20,0.15858206152915955,1.0000000200408773e+20,-105.40711212158203,1.0000000200408773e+20,3.5841562747955322,1.0000000200408773e+20,48.0537109375,1.0000000200408773e+20,-17.959341049194336,1.0000000200408773e+20,False,False,427,501,3.385064613759216e-17,1033418.225272927,1.0909358981616503e-19,161.40496826171875,310.28997802734375,6402.64208984375,19.6861629486084,10.651676177978516,33,57,5.439142406164349e-17,605380.370370824,2.1195345404839656e-18,203.4377899169922,25.66196632385254,2975.751708984375,19.695837020874023,10.883471488952637,34,57,1.3594691602383059e-17,617112.2842920998,1.0572545576337887e-18,153.34832763671875,12.858485221862793,4024.251708984375,19.950565338134766,10.271985054016113,0,0,0,0,0,0,0,0,0,0,1.048740029335022,1.1829602718353271,-0.2547283172607422,0.6114864349365234,0.009674072265625,0.2317953109741211,-0.2644023895263672,0.37969112396240234,1.0000000200408773e+20,14.552517890930176,1.0000000200408773e+20,2.4134814739227295,0,6,1.0000000200408773e+20,6000.0,1.0000000200408773e+20,3.5,1.0000000200408773e+20,0.0,276.35085959697034,276.34747315331884,-0.7669310515960721,-0.7677041132352111,179.95501284334506,179.94803633738488,-60.95546929772729,-60.95623868127969,5309155039065680512,5309155039072933888,3.3916785518201085,3.3077953767194974,0.3829763418357639,0.027373210260045654,-26.140325046673823,-25.55434859149639,17.116263933508687,16.99606211446617,0.6680783190634877,0.0461588134931126,0.6788371327246037,0.04428481125362103,0.8970907,1.000316,0.003473264778589394,3718.3176231047864,WDMS,1904.7663589238034,0.00030913621661793166,296.2853698730469,15.889674186706543,0.5517023205757141,3.285145718429643,12.277102234104296,0.0029566898608034786,0.0357506194204006,0.07134831286542331,19.686078918281133,19.69572590488577,19.950506392066902,0.006532989105105616
1636042515805110273,1636042515805110273,5924037812888396544,5924037812899916032,447994599,820125793,2016.0,2016.0,258.004079368927,258.0054433321297,0.3744836747646332,0.01873253844678402,-53.312724938069444,-53.3100031867012,0.2716074585914612,0.013413564302027225,4.695750266735217,4.105224102331375,0.4702669084072113,0.02184486947953701,9.9852876663208,187.92623901367188,4.239618301391602,3.8691651821136475,-0.1681875836454637,-0.06383895838636189,0.5319699048995972,0.026204155758023262,4.2362811569785155,3.868638406518203,0.47021499276161194,0.021720506250858307,0.33699798583984375,0.2932889461517334,-0.1292809695005417,-0.19964519143104553,0.04398014023900032,0.014479340985417366,-0.07934457808732986,-0.07649272680282593,-0.22009940445423126,-0.24708405137062073,0.07683199644088745,0.06948675960302353,-0.5345682501792908,-0.5054796934127808,-0.1551705300807953,-0.1775054633617401,0.36679765582084656,0.2490847110748291,0.071919284760952,0.061997320502996445,277,334,0,334,276,329,1,5,-0.8446241021156311,-3.0022737979888916,261.019775390625,931.8856201171875,0.0,0.12278265506029129,0.0,15.893171310424805,31,31,False,False,1.74565589427948,1.5546488761901855,1.0000000200408773e+20,1.0000000200408773e+20,1.0000000200408773e+20,1.0000000200408773e+20,1.0000000200408773e+20,1.0000000200408773e+20,1.0000000200408773e+20,1.0000000200408773e+20,1.0000000200408773e+20,1.0000000200408773e+20,1.0000000200408773e+20,1.0000000200408773e+20,1.0000000200408773e+20,1.0000000200408773e+20,32,38,18,18,0.7420107126235962,0.03644616901874542,39,44,19,21,0,0,0.01632746122777462,0.012734547257423401,20.167369842529297,36.45906448364258,0,0,0,0,0.9627257585525513,0.8834218382835388,0.2500581443309784,1.0000000200408773e+20,0.45019808411598206,1.0000000200408773e+20,0.3248305916786194,1.0000000200408773e+20,0.3831770718097687,1.0000000200408773e+20,-34.121337890625,1.0000000200408773e+20,-12.38013744354248,1.0000000200408773e+20,-13.232210159301758,1.0000000200408773e+20,-25.286012649536133,1.0000000200408773e+20,False,False,327,365,3.763136742977761e-17,621243.3043110868,1.2674304250710285e-19,324.9281005859375,296.91070556640625,1911.9407958984375,19.57120704650879,11.204212188720703,8,38,6.239713530053255e-17,332076.3842524049,2.512173828895151e-18,339.7666931152344,24.837905883789062,977.3659057617188,19.546751022338867,11.535447120666504,8,39,1.4171464606272267e-17,412844.25552322663,2.7289852124667856e-18,292.310302734375,5.192943096160889,1412.349365234375,19.905452728271484,10.708430290222168,0,0,0,0,0,0,0,0,0,0,1.0511354207992554,1.1990803480148315,-0.3587017059326172,0.8270168304443359,-0.024456024169921875,0.3312349319458008,-0.3342456817626953,0.49578189849853516,1.0000000200408773e+20,4.485201358795166,1.0000000200408773e+20,1.1671173572540283,0,6,1.0000000200408773e+20,6250.0,1.0000000200408773e+20,4.5,1.0000000200408773e+20,0.0,336.1391393933206,336.14185877219825,-8.172809171405834,-8.171900085164886,261.73802290425,261.73866030290736,-30.216949438352277,-30.214162209116758,5924037812888396544,5924037812899916032,4.145939866287544,4.044404816365769,0.6168000809825425,0.047007057461127995,-0.19515000301116803,0.24257322547638932,3.3309975289332825,3.79013620962499,0.7468126925749021,0.09075145060659867,0.8313017054791225,0.08158080213592728,0.9783813,1.0677011,0.002841131470625097,2491.4774539206715,WDMS,2247.2677964575623,0.004376412847066674,241.68722534179688,6.99493408203125,0.608198344707489,4.270896538932651,12.929732005740185,0.003089922811486985,0.03693673789530894,0.17666883612850393,19.57090182242162,19.546347414770164,19.905238617957483,0.004478989490034967
1636042515805110273,1636042515805110273,6531698272762397824,6531698238403738752,742585255,675840886,2016.0,2016.0,354.63430911866305,354.6281529550383,0.8553450703620911,0.007123472169041634,-45.25703886044473,-45.25833818273345,0.8291971683502197,0.009199432097375393,5.425950442998743,5.938125166841896,1.075768232345581,0.012123285792768002,5.043791770935059,489.8115234375,126.78968811035156,125.39875030517578,90.89244404491795,89.59161953661824,0.9632046818733215,0.008497385308146477,-88.39789789454997,-87.73932251020905,1.114301323890686,0.010680045001208782,0.00881403498351574,0.022703014314174652,0.2847147285938263,0.055926937609910965,0.23083114624023438,0.4241405725479126,0.23831015825271606,0.11862558871507645,-0.023583780974149704,-0.13995620608329773,0.16251343488693237,0.1346563696861267,-0.026327861472964287,0.10147077590227127,0.031629107892513275,-0.08009956777095795,0.017278047278523445,-0.19819419085979462,0.12447682023048401,0.07679293304681778,196,453,0,453,196,452,0,1,0.975483238697052,1.5720330476760864,225.29991149902344,746.855712890625,1.6394298076629639,0.0629342794418335,0.4694489538669586,7.8784050941467285,95,31,False,True,1.0000000200408773e+20,1.4921947717666626,1.5034905672073364,1.0000000200408773e+20,0.3071002960205078,1.0000000200408773e+20,-0.09293177723884583,1.0000000200408773e+20,-0.06726787239313126,1.0000000200408773e+20,-0.2470661699771881,1.0000000200408773e+20,0.16769208014011383,1.0000000200408773e+20,-0.14424437284469604,1.0000000200408773e+20,23,52,15,20,1.5973002910614014,0.015121093951165676,24,58,7,20,0,0,0.043699223548173904,0.01785612478852272,179.92185974121094,164.68702697753906,0,0,0,0,1.048673391342163,1.0522761344909668,0.292210191488266,1.0000000200408773e+20,0.16669590771198273,1.0000000200408773e+20,0.11535969376564026,1.0000000200408773e+20,0.4706009030342102,1.0000000200408773e+20,72.89330291748047,1.0000000200408773e+20,82.54922485351562,1.0000000200408773e+20,-11.008418083190918,1.0000000200408773e+20,16.09680938720703,1.0000000200408773e+20,False,False,199,487,1.1246559005045849e-17,205863.37818043923,1.1184961029328046e-19,46.176605224609375,100.55072021484375,4458.1748046875,20.882532119750977,12.403419494628906,14,54,1.4867626658469065e-17,96478.12392387154,2.666154690853594e-18,47.96870422363281,5.576430797576904,2011.272216796875,21.10405921936035,12.877470016479492,17,53,6.347115175452995e-18,155741.49701038172,1.137165170166409e-18,54.516868591308594,5.58152437210083,2856.758056640625,20.77754783630371,11.766884803771973,0,0,1,0,0,0,1,0,0,0,1.055035948753357,1.225179672241211,0.3265113830566406,1.1105852127075195,0.221527099609375,0.47405052185058594,0.10498428344726562,0.6365346908569336,1.0000000200408773e+20,2.589768409729004,1.0000000200408773e+20,0.8749132752418518,0,11,1.0000000200408773e+20,5500.0,1.0000000200408773e+20,4.5,1.0000000200408773e+20,0.0,336.86181906345695,336.8672771897606,-66.77038944067604,-66.76641052516197,333.92742225543486,333.92179169233503,-38.717268190281736,-38.716188163801185,6531698272762397824,6531698238403738752,9.018595836277683,5.979941397756586,1.4736768531302298,0.03956881468953881,86.33545424283979,89.60721269427492,-91.71904969722772,-87.58854574920292,2.3819951835467834,0.04061098215654434,1.9644094944927442,0.05283128864358261,1.0272484,1.0520433,0.00452404328602197,2742.710093182636,WDMS,433.2197550961391,3.5226537059558443e-10,167.9556121826172,2.922177314758301,0.7792503237724304,6.271666232818427,14.55491123419321,0.009124063753539498,0.16451943097817887,0.16436928738154621,20.88246390223878,21.10396901316301,20.777499982698536,0.005269856498781189
1636042515805110273,1636042515805110273,6716346888277566080,6716346883984454400,211751065,605118971,2016.0,2016.0,281.46258445869535,281.4665373262915,0.3826946020126343,0.014889677055180073,-42.0416376116927,-42.034028823089244,0.37381601333618164,0.017131173983216286,4.01605098621715,4.31686809756492,0.43309202790260315,0.01938633807003498,9.272974014282227,222.67579650878906,47.880714416503906,48.16096878051758,2.0085332337388007,1.1106027434577115,0.4465947151184082,0.01706128753721714,-47.83856961578441,-48.148161046322734,0.399585485458374,0.016467085108160973,0.08547408133745193,0.12402880936861038,0.025894850492477417,-0.017392484471201897,-0.19326333701610565,-0.2715562880039215,-0.1854238361120224,-0.21375510096549988,-0.3144136667251587,-0.5728102326393127,-0.2128932923078537,-0.20644767582416534,-0.5055906176567078,-0.5963682532310486,-0.10663915425539017,0.013924391940236092,0.1886613517999649,0.39657384157180786,0.2540927231311798,0.1596328616142273,214,214,0,214,211,210,3,4,1.3710131645202637,0.6126275658607483,243.608154296875,484.297607421875,1.0394858121871948,0.0869188979268074,1.0027121305465698,8.715238571166992,95,31,False,False,1.0000000200408773e+20,1.5087991952896118,1.512572169303894,1.0000000200408773e+20,0.09986355900764465,1.0000000200408773e+20,-0.011775326915085316,1.0000000200408773e+20,0.12278702110052109,1.0000000200408773e+20,-0.0770791545510292,1.0000000200408773e+20,-0.04853279888629913,1.0000000200408773e+20,-0.16733355820178986,1.0000000200408773e+20,25,25,16,15,0.6927454471588135,0.028306586667895317,25,25,11,13,0,2,0.056746385991573334,0.05038006603717804,163.5607452392578,167.0944061279297,1,0,0,0,1.0668060779571533,1.0287656784057617,0.2861769497394562,1.0000000200408773e+20,0.15025636553764343,1.0000000200408773e+20,0.35556116700172424,1.0000000200408773e+20,0.8290637731552124,1.0000000200408773e+20,-110.70390319824219,1.0000000200408773e+20,6.787303447723389,1.0000000200408773e+20,-31.820749282836914,1.0000000200408773e+20,41.60948944091797,1.0000000200408773e+20,False,False,210,204,3.1790334351932465e-17,1660033.1463578672,1.4232838436028814e-19,582.184326171875,223.3590545654297,2851.387451171875,19.754343032836914,10.137075424194336,5,22,3.9144107643222634e-17,806949.3858472893,3.015493462330664e-18,559.2673950195312,12.980996131896973,1442.86865234375,20.052997589111328,10.571426391601562,7,21,1.1258575577567921e-17,1207988.2077963005,1.782908062656009e-18,408.9312438964844,6.314725875854492,2954.012939453125,20.1552791595459,9.542738914489746,0,0,0,0,0,0,0,0,0,0,0.8417810201644897,1.2137936353683472,-0.10228157043457031,1.0286874771118164,0.29865455627441406,0.43435096740722656,-0.4009361267089844,0.5943365097045898,1.0000000200408773e+20,36.421905517578125,1.0000000200408773e+20,0.32570716738700867,0,4,1.0000000200408773e+20,5500.0,1.0000000200408773e+20,4.5,1.0000000200408773e+20,0.0,353.7905142181858,353.7990335255411,-16.812823888249245,-16.812745410434026,278.9778598795182,278.98162568532206,-18.958935198172853,-18.951598464686207,6716346888277566080,6716346883984454400,3.201373342216181,4.437977900241193,0.6445753836633065,0.05774357298298393,0.9352841945130095,1.20553694882992,-45.29924026321467,-48.28885480156089,1.308492740783771,0.09652592099304341,1.2326812377853604,0.08564333774654423,1.0410047,1.0746349,0.008155526989482893,6801.203209961381,WDMS,1603.00858682157,0.018742931074042308,230.0036163330078,36.0871696472168,0.18599970638751984,3.3129193188830595,12.773339121863613,0.004107427684388948,0.07067494778068095,0.1452844064559681,19.751851310971198,20.049702705626093,20.153531252439297,0.006211531802975503
