source_id,distance,wd_phot_bp_mean_mag,wd_e_bpmag,wd_phot_rp_mean_mag,wd_e_rpmag,CO_radius,CO_e_radius,CO_teff,CO_e_teff,CO_chi2,CO_roe,ONe_radius,ONe_e_radius,ONe_teff,ONe_e_teff,ONe_chi2,ONe_roe,CO_failed,ONe_failed
67055919939319168,236.75685119628906,20.12241554260254,0.3126531285428465,20.084672927856445,0.2806669131760444,0.007108251496718059,2.065956419899159e-09,11047.811525967381,0.005383573556774785,7.418597400179299e-20,3440658.974338393,0.007091838149179268,4.188386421819023e-10,11077.584811215322,0.00110652194735343,3.304972071914186e-21,16932148.64854631,False,False
122341593670893440,90.1106948852539,20.597742080688477,0.09437106906356024,20.18536376953125,0.16178890876255833,0.0035528461161388183,4.340780625462722e-06,7876.174407653603,6.140816416977626,5.061750784196057e-13,818.480919145756,0.0035449291350383256,1.308630447099716e-07,7894.35067878947,0.2627694320755689,4.841632261356097e-14,27088.84806168816,False,False
203702812725569920,183.07647705078125,19.417343139648438,0.9088658612410249,19.372249603271484,0.11159594309916838,0.007693051391617042,4.809822980615904e-08,10946.175146030124,0.15281137905872433,1.3889219875193457e-18,159944.58470968378,0.007679758876532906,4.20580259276286e-10,10969.800149656785,0.0014445180700899047,1.4510444130666597e-22,18259912.839817684,False,False
236691043481298048,160.48902893066406,20.8360652923584,0.11089442997559017,20.117813110351562,0.08952494028620911,0.008632086948951104,2.4355379480363293e-09,6272.885592490939,0.0007304948384403367,8.469118758417325e-18,3544221.9062572145,0.008600509654653758,3.699053218436143e-08,6293.282234517215,0.012321472083610861,5.296005165487208e-16,232505.7020479909,False,False
289141738147968768,172.15684509277344,18.49972915649414,0.1670757216012307,18.745162963867188,0.15483876441701835,0.00610994229665727,5.1083190700840403e-08,18779.347748223146,0.4969916464470344,6.132599608120037e-18,119607.68724175938,0.006219662756170317,1.892606567897245e-07,18502.468475611575,0.7348451830410413,7.596874768859304e-14,32862.94606427679,False,False
321259125631010688,167.5027618408203,19.32687759399414,0.06271347713595107,19.247760772705078,0.2275946094868724,0.007813062542703616,9.39000067166677e-10,10473.470888191296,0.04366555625924378,3.092366720309729e-17,8320619.791091836,0.008103736204193104,4.3130650607949097e-07,10404.887655229177,0.11731298547984155,3.343616008340043e-16,18788.810486201113,False,False
333197000114063616,486.8563537597656,19.735509872436523,0.04179822213514892,20.1750545501709,0.11963803976381589,0.00596926533748099,9.164216988221979e-10,39007.65817874445,0.13004401411755043,2.3611718298131983e-17,6513666.5196304275,0.005967966784669695,4.2661378114460147e-08,39031.106308977134,2.4499942221080913,4.3444313947899424e-16,139891.56113657853,False,False
533990539431188864,237.47702026367188,20.432933807373047,0.2290648667686609,20.235761642456055,0.33743847667115445,0.007992507718370945,1.8299899711408906e-07,9216.193647149586,0.2415756141369852,1.322803896748571e-16,43675.14491561989,0.007871908860422935,9.880214198163418e-07,9266.45128070156,0.49604117261782804,5.853592273611712e-14,7967.346357618647,False,False
561759873818711040,65.85082244873047,15.262381553649902,0.38223530387704935,15.262801170349121,0.15428988786875986,0.017425448728824993,5.355267805047385e-09,11626.078184041391,0.003970012435339121,3.139241558329106e-20,3253889.3222858733,0.017372142738729963,6.623655304285386e-08,11665.976441040266,0.04843376120989614,4.140321535688915e-18,262274.25704792485,False,False
600363963295676672,164.10791015625,18.93995475769043,0.23882773193590148,18.758108139038086,0.22604620811150264,0.010584490131942265,5.254069781762438e-09,9383.346885616487,0.0046898610665873424,3.0360124856293317e-19,2014531.7004890973,0.010522990271025707,2.4898090949833905e-06,9420.698698288877,2.595466676009855,1.0665689839314355e-15,4226.424544848851,False,False
853846924444089344,174.6903076171875,17.14207649230957,0.18166540557932065,17.163101196289062,0.2729950561858215,0.01876918527462931,6.207535062026366e-09,11990.854470237104,0.0027268254455783823,2.1428717831428345e-20,3023613.251811801,0.018752532748599206,2.5399870958537053e-08,12005.715409407687,0.00949787783656366,1.6163941520069886e-19,738292.4416903923,False,False
942440997271009024,381.5086364746094,20.78597640991211,0.10015281159478179,20.78584098815918,0.1244755781122227,0.007939004719004618,3.325823608379431e-09,11618.415161238667,0.00737853677609047,4.145517270706401e-18,2387079.3084161924,0.007915665553406045,3.5641479747612808e-09,11656.42196386686,0.009289527648317525,4.200346187967592e-18,2220913.836759603,False,False
1039078998380506880,93.29337310791016,20.573974609375,0.07079633474908786,20.169273376464844,0.0852054409921582,0.0036889844226245905,6.658157038798894e-09,7912.432915179548,0.013958236714139564,2.0285318896126215e-15,554054.8835252569,0.0036815467088598497,2.419556575824501e-09,7931.025156767979,0.005537021854485701,3.294607504325065e-16,1521579.0966182745,False,False
1074462008411543936,324.4776611328125,18.9632568359375,1.0363104183505158,19.32033920288086,0.3854032910832645,0.006883064299543526,9.436477255280774e-07,30269.30813952164,4.807548332141273,9.060800387522716e-15,7294.103629287799,0.006885948945837193,5.760814911225452e-07,30254.625137487907,9.409051882931625,3.4147724835856866e-18,11953.081381627655,False,False
1214994502274335360,82.80117797851562,20.033071517944336,0.05386568331873841,19.595094680786133,0.06083078248621037,0.0043554606314654696,9.65524168243775e-06,7746.8544264923885,12.141694984054247,2.965496622233771e-11,451.0980433962379,0.004341814844328905,1.620585648798419e-07,7767.409921226441,0.2000984614861502,1.0113883389733052e-12,26791.640710555082,False,False
1221350645852148224,173.47686767578125,17.60384750366211,0.10329043313363026,17.436479568481445,0.1511411290835276,0.020215005181611578,6.186327395408316e-07,9527.0711719346,0.0170661068521878,4.363016791110468e-16,32676.90810644096,0.02015324995888532,3.680011091003634e-07,9560.24478078734,0.06537782161511022,7.862974666451314e-17,54764.10114130664,False,False
1307515077152381568,191.31002807617188,20.265363693237305,0.14141638942965304,20.02454376220703,0.0953912634065138,0.007232041029300189,1.6743417748742947e-07,8898.00453728564,0.9438764635610962,3.0936977803228068e-15,43193.338049772734,0.007225744709958131,7.133579576244642e-08,8914.109460717315,0.25825334507475867,5.8669151906820045e-15,101291.98998522993,False,False
1344935409214891520,237.98641967773438,16.811864852905273,0.38539964679045136,17.248098373413086,0.04274210833408806,0.01131600902334063,3.2509546494800624e-07,38598.62007239673,10.908699047294872,4.0206189154271825e-17,34808.26478200932,0.01131442463264214,9.622343163243702e-11,38612.618386759044,0.083548810126213,1.3006458189523886e-20,117584921.26805459,False,False
1351169601489491456,182.38670349121094,20.920875549316406,0.1471997798061124,20.730947494506836,0.1472645018607764,0.004788831184864889,2.969078857093047e-08,9300.636543186898,0.011085324063458874,2.6431009636129174e-16,161290.13122788921,0.004759176482370576,1.7383719608035982e-08,9341.652253206687,0.042327660061642645,5.760983292309319e-16,273772.04589577875,False,False
1357562883646956032,239.82333374023438,20.338300704956055,0.09453555088388257,20.088184356689453,0.08656261577396748,0.008873175031674882,1.916751109371512e-09,8825.736219391649,0.0018051165415567823,5.17172671902563e-18,4629278.672797705,0.008868794368268307,1.4313709562620148e-08,8839.245433659054,0.014055752218556743,1.9269328977872036e-16,619601.3919011544,False,False
1428206024695807104,347.0057373046875,20.51984405517578,0.13320259087493788,20.26669692993164,0.20001548237869382,0.011852848632050937,3.49078406747581e-08,8805.841341893836,0.010539767228660369,8.7417701986991e-18,339546.8869726378,0.011847494541600473,2.691879525363129e-06,8818.601417160153,0.2418206858388769,2.089730712246914e-15,4401.19791022307,False,False
1428806358045998848,560.012939453125,20.175052642822266,0.09607801604922393,20.408435821533203,0.1372319621532302,0.009657125600386276,1.1823361678565436e-09,17894.978883665823,0.005075200383782238,8.482257201095906e-20,8167834.041560001,0.009771652028873024,1.9367833691749208e-09,17721.43109388534,0.008071395862486178,3.0519993563233883e-19,5045299.430176229,False,False
1453322271887656448,143.79156494140625,18.048978805541992,0.008739996797718788,18.37201499938965,0.02289509188185197,0.004984387322807239,0.009450769504243135,26053.50460108507,146340.5718744148,3.963656976903144e-06,0.527405447838865,0.004998196732979808,4.532158555823604e-09,25831.336088226104,0.39023213515269367,3.4370295736249525e-13,1102829.186449659,True,False
1462523809824194432,567.2999877929688,20.275222778320312,0.06211691118646374,20.43634796142578,0.12699924794089534,0.011297636293740056,1.8046392281784753e-09,14959.747302106449,0.0036600056044135327,2.3610084690540227e-19,6260329.553593602,0.011281396429970319,1.7222271339592215e-06,14967.929986848872,2.731331077767271,2.3270095211370637e-13,6550.469567876079,False,False
1498859993356856192,125.42485809326172,18.968544006347656,0.2499412693115446,18.619985580444336,0.40996919128545484,0.009772380543958957,5.6999163684905344e-08,8210.62022057207,0.02028122870690589,2.7804130518776094e-18,171447.78821635415,0.009742425916422765,4.747823265407427e-07,8238.916651562984,0.16400613020164598,2.570474721311786e-16,20519.7737401178,False,False
1555971303068693504,171.96078491210938,20.80434799194336,0.1299691263371626,20.434322357177734,0.11987886315440013,0.0058906755938282485,3.5719618494834173e-09,8093.156900527734,0.005337177014412409,3.187082456898659e-17,1649142.9197879499,0.0058790624348212675,4.270959527523035e-08,8112.324518453419,0.09960469421094557,2.7097807805102785e-15,137652.02870538228,False,False
1577113640359793536,221.15127563476562,20.17670440673828,0.046995523603199925,20.00290298461914,0.061984191135481606,0.007952735659057741,3.9719112850653605e-09,9465.93146016194,0.003706149194002858,1.7538922506338026e-16,2002244.0302129944,0.00792973990069753,4.53355003660002e-09,9498.657033876043,0.0048511262143596835,1.7117699587991532e-16,1749123.719089801,False,False
1613139860399177856,265.2668762207031,20.724830627441406,0.061668168752805175,20.70502281188965,0.2577838030153679,0.00586075339760501,2.313026771870025e-06,11314.859957614368,5.283358125649272,8.765802176499295e-13,2533.8026644917454,0.005857333878735704,7.448629121027188e-07,11328.149841826398,0.810224194441548,5.512919634845408e-12,7863.640118959179,False,False
1657075593424634496,216.40402221679688,20.872133255004883,0.11840108687331005,20.410911560058594,0.12465282777308088,0.007942782301938815,4.167335070719831e-09,7629.489900041515,0.001954253342679292,1.0730627140808155e-17,1905962.00381047,0.007914951644290933,2.4421732953130623e-08,7652.466310506138,0.013357210926494886,1.9657300958476125e-16,324094.5947399001,False,False
1699104219238181248,190.7728729248047,19.871437072753906,0.054536474554406564,20.020015716552734,0.095608349392155,0.0046879600185653235,1.0164432649482181e-09,14620.651707331937,0.00901155306492659,6.241716484640878e-18,4612121.6798107745,0.004683245943087202,5.694215958025562e-07,14619.495275910996,2.364846262305164,9.687769202524375e-12,8224.566784276112,False,False
1849291563359354624,166.22096252441406,20.849328994750977,0.10271887537582447,20.391721725463867,0.15444248733706387,0.006141469009540649,2.609136995525653e-08,7645.524549735788,0.0241596715562509,2.974608385083705e-16,235383.15619580375,0.006119526280940277,1.4231815301560006e-07,7669.460113739411,0.0864233735998927,7.110818331875586e-15,42998.91581834604,False,False
1889409474189137152,142.1173095703125,20.568937301635742,0.07105650527555281,19.99013328552246,0.0965256604582624,0.007028354434257114,3.8724099081525445e-07,6989.7295831501015,0.17746845268435874,5.583079967652008e-14,18149.820398559543,0.007007472064004553,8.147963673887746e-08,7006.888900534617,0.036784428329263694,4.522499351488297e-15,86002.7406167974,False,False
1895697134508504704,141.8145751953125,20.61940574645996,0.09235274664168229,20.23985481262207,0.07570414836316561,0.0053444108803887315,1.7032677355026896e-08,8042.721140057156,0.024560427098626842,4.96056592724311e-15,313773.9751062344,0.005335973321451929,2.6767330481522264e-09,8059.037107803717,0.004841754946704353,1.397693278763344e-16,1993464.8788138963,False,False
1945681177921904384,371.6639099121094,19.3328857421875,0.022417980498707208,19.578022003173828,0.042068381448915865,0.00900028715816907,1.6738934430364206e-08,18752.590028700855,0.08521417062454967,6.883036457619593e-16,537685.7885196485,0.009013745528797695,0.00048319522157728014,18786.785020191594,1094.0720790114747,2.055038934670396e-05,18.654459163264047,False,False
1956990406636103296,134.04010009765625,20.59630012512207,0.0887388387895956,19.89034652709961,0.09963799818241408,0.007910689744687756,1.950287417724046e-06,6327.0438456649135,0.15765975844702804,5.747142032799128e-14,4056.1661182839416,0.007878895727333657,1.2621498526869946e-07,6351.708769808089,0.039528322784603054,8.43954537802839e-15,62424.407930328176,False,False
1958425273603858816,176.72793579101562,17.82708168029785,0.28926104579580675,17.779752731323242,0.08114821344685057,0.015496431014466266,3.662017632848932e-06,10918.03996776083,2.4128629519909754,9.79397774671177e-13,4231.664772845603,0.015474460262231834,1.8458890111366703e-06,10938.462855346352,0.9958469082494004,6.8882110981378344e-15,8383.201898310721,False,False
1994873465592814208,85.5933837890625,14.492761611938477,0.04208682231644828,15.067418098449707,0.656022555354401,0.008023091153498271,nan,55537.67395938751,nan,2.463680115614139e-06,nan,0.002625979274437596,nan,41525.0,nan,352111.2762490143,nan,False,True
2026069324887778432,629.4840087890625,20.429256439208984,0.04744981812908087,20.65806007385254,0.08890916092511801,0.009820229351898926,5.260976640971033e-09,17608.874435264304,0.019386245400936794,1.3565315114156216e-17,1866617.1743515627,0.00990874943353824,4.916346081498085e-10,17472.77205240396,0.002119427123239905,5.90444860114152e-20,20154702.840852275,False,False
2084572311384460672,379.2699890136719,20.175310134887695,0.13332149229973722,20.481775283813477,0.38914349978218565,0.0051309865941341504,0.00014169345950129593,23783.302640380283,1361.8154952031323,8.523728188047883e-11,36.21188029562665,0.005151885170077379,9.412246552630506e-09,23725.651910242457,0.3349557873512469,2.6345874184979323e-17,547359.7765708279,False,False
2115601556009230848,255.62887573242188,20.350248336791992,0.07726853420851686,20.412256240844727,0.1508923260130583,0.005854877616027158,3.1473377213617144e-09,12730.379255463926,0.01343205549536274,7.51133813629619e-18,1860263.5415604557,0.0058536947711262215,1.012006080017286e-09,12733.869091493216,0.004535676813882266,6.301153572033411e-19,5784248.619362282,False,False
2141992893089969792,625.52392578125,20.260995864868164,0.08892293440711636,20.372875213623047,0.1497671579116185,0.013723349905614034,1.8679651352020813e-07,13746.902198647209,0.2117319835294092,4.634005288271097e-16,73466.84178947165,0.013721279217012522,2.4297783153040265e-07,13741.637852438238,0.2716947054078435,7.079443497732202e-16,56471.321398288324,False,False
2142130813083958144,259.7715148925781,20.506898880004883,0.11862352950249556,20.44268035888672,0.21424198981984566,0.00700077795401917,5.980856688903664e-10,10605.46758088523,0.009616653260067186,1.4419062908550482e-18,11705309.654063063,0.006798145052339634,2.6808424707458382e-09,10713.02296526457,0.005279470265929995,6.544658004981653e-19,2535824.139807931,False,False
2167710233843069312,285.5565490722656,20.563268661499023,0.0731341255829355,20.52153205871582,0.11743780254003111,0.007041472874406514,4.05624330154329e-09,10993.610207692187,0.0071434723915341,1.79278218087486e-17,1735959.1994216486,0.00702791391074446,1.9862867466700727e-09,11019.092615632959,0.004072173863939468,3.198599690373839e-18,3538217.1897015707,False,False
2227145881073198464,144.83853149414062,17.493654251098633,0.35905975814007485,17.445993423461914,0.1469425926984562,0.01485525567984766,1.3143971659825036e-06,10904.360089883356,0.5143145771114702,2.3616650671668046e-13,11301.953522353686,0.014796869179994067,2.8225230479371726e-08,10932.206660164446,0.0264106287098674,7.235028376528621e-19,524242.6342916239,False,False
2228711207670801408,134.0207061767578,20.030492782592773,0.33404643864386496,19.269458770751953,0.1601559261427733,0.011110646171956168,1.0371713154975916e-05,6085.361914943736,1.2106172978532586,4.115328488407818e-16,1071.2450302027244,0.011073129433764551,1.5971750582537623e-07,6105.625711889107,0.015882866707430898,1.808557468444485e-17,69329.46627573263,False,False
2323176161485548928,526.831787109375,19.73807144165039,0.048545858438501316,20.09276580810547,0.10718820670609686,0.007864395575764255,1.3959763874188246e-08,29975.167888937107,0.1999811389757516,5.134062704806981e-16,563361.6475637964,0.00786327230399219,1.0672933389029116e-06,29994.194751434756,6.473331679779925,3.582110930709725e-14,7367.489346532395,False,False
2331846326067177600,421.80426025390625,17.733043670654297,0.4228148331633672,17.901527404785156,0.38808075966362016,0.026688352562935516,2.243111668133408e-08,15168.553722076684,0.009586435143245049,1.1287049261131627e-20,1189791.5267474877,0.026674378517163817,1.3240154214051515e-07,15166.21737548338,0.0746357890544771,6.718934036973236e-19,201465.76909848093,False,False
2372659682293734528,383.4114074707031,18.68653678894043,0.3208203338896962,19.27577781677246,0.4129583537742667,0.004418055795353825,0.000205360649575371,78999.89623301332,9474.23295318542,4.645562056803841e-07,21.513643458418844,0.004422350559214387,0.0002069899039873151,78799.99328700356,9368.713866989354,4.792656541192626e-07,21.365054401326745,False,False
2452134891010787200,228.14198303222656,20.487022399902344,0.08690220155025323,20.04522705078125,0.1479649407927465,0.00978394890955555,1.7890630521218583e-07,7723.546558308393,0.12547642450921973,1.8387227416372412e-14,54687.55781386031,0.009749989167969682,2.0221092008050675e-06,7747.249824945985,0.16411833702529188,1.2585683968269041e-14,4821.692697945242,False,False
2512689424463488256,222.92874145507812,20.417707443237305,0.11881064101398489,20.439603805541992,0.16667874078473796,0.005289193574687008,2.555088568762991e-06,12011.387068318216,6.172153437900488,1.8107849270837925e-12,2070.062713030607,0.005287341003286937,2.7533348951172122e-08,12019.695482964893,0.1571431898959602,2.5960354661425265e-15,192034.0679466037,False,False
2588314594431036416,202.9348602294922,17.02680015563965,0.2509482839199404,17.39264488220215,1.0471665957668161,0.010322879798137827,2.5917316677419355e-06,31101.053851081047,16.245797116456064,9.560006726939856e-18,3983.00484831121,0.010322924964220007,1.1716546482116118e-07,31113.97229975954,0.4765767282625285,1.9435656558658525e-18,88105.52648749096,False,False
2636572567797054976,202.97096252441406,19.740262985229492,0.2981476063869633,19.719852447509766,0.0788224550836986,0.007067270413911785,9.732898630540725e-10,11300.914698953202,0.0043644134312882926,1.0555111164679759e-19,7261218.555935122,0.007054872208607389,6.969634328071816e-10,11325.771778847824,0.0031279270286964506,6.433005198777577e-20,10122298.92778199,False,False
2729616235330388352,147.00531005859375,18.12672233581543,0.6148039010633315,17.86984634399414,0.03726541616431538,0.01521004993102725,2.4557102199994205e-06,8764.847901573841,4.001489137652393,2.0781765039073894e-10,6193.747864530546,0.01518121070132755,3.954027512272879e-07,8791.37717026261,0.2067127867825554,5.3386195324794246e-15,38394.29709127388,False,False
2809172631816775168,136.84588623046875,20.197551727294922,0.08273131987170582,19.853235244750977,0.13549227472461664,0.006024701889958754,4.748965614816842e-09,8235.3173257362,0.005814547076460457,3.268194120415681e-17,1268634.5572100156,0.006005647696918401,8.758196785154367e-08,8264.809306121339,0.12474732289703436,6.392320565932453e-15,68571.73735920514,False,False
2821714387292312960,175.5700225830078,20.13638687133789,0.21290158880194962,19.80524444580078,0.137287951034297,0.007826037490394143,4.1508462454820107e-07,8319.791976559529,0.2910816073392857,1.1182399768148046e-14,18854.07704251246,0.007809530394344082,1.960479378414947e-08,8340.560789637555,0.02710238448330847,1.1728029456014965e-16,398348.0000008013,False,False
2903789322533760512,92.94624328613281,17.824298858642578,0.20141510910309413,17.59449577331543,0.21986502814420972,0.010659239989031337,3.425556818114111e-09,8984.490201214925,0.002098961560539711,2.2417143553189653e-19,3111680.9777219286,0.010645095825158891,1.8767278161617474e-07,9003.618553352555,0.09695215274235798,1.9782124099592743e-16,56721.57535838129,False,False
2982121348394736768,142.45956420898438,20.645797729492188,0.03464196137608163,19.99727439880371,0.13582363039843304,0.00754116822979054,3.26004804825197e-07,6615.2634489373795,0.12755474783913553,3.5268554782255508e-15,23132.076945412187,0.007522183405959799,3.653289956406473e-08,6633.61945492105,0.013366943966953976,4.129116417003892e-16,205901.6255408024,False,False
3000683922168490496,276.4049987792969,20.3315486907959,0.11647703706864798,20.235658645629883,0.09547539489720626,0.008245835640914448,2.6847359107617413e-09,10298.705836395835,0.00460989441987443,5.207671450448979e-18,3071376.8188003465,0.008464495579654618,1.5458814394069724e-08,10258.632002134564,0.01987694068377349,7.145833616957512e-16,547551.4074935623,False,False
3108260930109041536,255.0020294189453,20.465377807617188,0.11129939274553617,20.553604125976562,0.10969042911188331,0.005300871361356189,2.7607435572378434e-08,13246.969079413415,0.11365762793870222,5.521775724190531e-15,192008.8284715504,0.005300882179334896,1.30945382772396e-07,13237.946769689295,0.4035938203175981,1.0195757940823563e-13,40481.62727928083,False,False
3121385658671190784,61.61625671386719,17.200286865234375,0.004780893621085796,17.3839111328125,0.009910141777425423,0.004822935258083884,4.6852468316256134e-08,15643.659436350754,0.2018238953423023,3.3537992162437683e-09,102938.76569167856,0.004806755552458692,0.0014272922466195344,15680.3923163984,5214.616790877965,1.7312176967309838e-05,3.367744457270917,False,True
3130011224310309760,427.053955078125,19.202404022216797,0.02859552100496184,19.687278747558594,0.08039798633779231,0.005903573197183381,9.204497020223347e-10,44779.713705840186,0.14386447322757945,1.2108261853220989e-16,6413792.284589312,0.00589866756627714,2.2207346594545156e-10,44891.628059077055,0.07502759788567645,1.5360193292634912e-17,26561784.59305915,False,False
3137340435679753728,292.07403564453125,19.909969329833984,0.30228272111861204,20.18488883972168,0.04418758075626019,0.004819984436509954,1.774823601845974e-05,21343.54049729513,83.96062883525794,2.6595611942370255e-09,271.5754079164117,0.004967872370938604,9.737910286203119e-08,20876.80412515361,2.487310167061447,1.7056273012932014e-16,51015.795226386435,False,False
3267693925768589696,250.8964080810547,20.341970443725586,0.09393933110647942,20.229206085205078,0.11837573196475923,0.007643930089392052,4.132674773755799e-09,10099.406561228805,0.006050623036857846,1.0154036618830041e-17,1849632.6248400148,0.007649580924872844,1.3351104169145137e-09,10125.401616222802,0.03907902871675406,8.550420338695231e-18,5729549.277692919,False,False
3268006908623198336,324.75885009765625,20.50692367553711,0.10545916108562874,20.467742919921875,0.13843781915810155,0.008187008204190355,3.2437563545831756e-08,11026.856524996325,0.05144373838404953,2.722667312133915e-16,252392.82206330783,0.00816852511426182,3.143979937794884e-08,11056.329497190152,0.07138086939338027,1.844762978984436e-16,259814.7976730105,False,False
3324196011551354240,325.5566711425781,20.101280212402344,0.04706953733762264,20.430927276611328,0.11746949248414601,0.004328588037346549,8.166791617355988e-07,26973.48018233072,20.476797727938028,5.920400310461506e-11,5300.230788486723,0.004321149717060106,0.09256939467690166,27093.959592681542,1815877.2558461395,6.327177887541803e-09,0.04668011206233306,False,True
3337078469598250880,581.4656372070312,20.43588638305664,0.06423710033002385,20.356626510620117,0.0988728131590443,0.016274720750273277,1.6924204026405338e-09,10472.27535753399,0.0037272350282830944,5.0146770092661956e-18,9616239.986755814,0.016901994774436904,4.89841147664354e-10,10400.432125737232,2.8195517892350993e-05,7.55030574951401e-22,34505053.025921755,False,False
3493095286932851328,372.5763244628906,18.019224166870117,0.2580206027950776,18.470006942749023,0.3644827924245564,0.009814293693591119,2.508172925001149e-05,40186.21835386796,143.69212784133603,2.323772017995532e-10,391.2925458912137,0.009745843734269307,6.609956694392198e-05,40546.45388114074,338.97448703102975,1.8921873767171946e-12,147.44186966516068,False,False
3524768544728755072,364.9447937011719,19.817148208618164,0.1102376295078061,20.132862091064453,0.17436559018392905,0.005707434254640075,2.6829495493840107e-06,24806.831609125038,35.38315284896136,1.0183768519532489e-11,2127.298389174134,0.005714249561275214,4.199741180279267e-09,24753.64581521166,0.1894446146659616,3.1144143761296683e-18,1360619.4562911703,False,False
3552469739463127808,251.59263610839844,20.8763370513916,0.10965456682325879,20.383865356445312,0.13997171738338,0.009588977769340083,6.67970108075587e-09,7458.817530837479,0.0026907459341086576,6.976395129279568e-18,1435539.9520744726,0.009538798113462784,3.4483896663132724e-08,7488.32180178339,0.00882135441041044,2.782497593622898e-16,276616.0160681859,False,False
3707699340828317696,369.7769775390625,20.535831451416016,0.11856919039825072,20.48577880859375,0.13825806869581436,0.00945612585402054,1.4814629292171718e-08,10845.499720228401,0.017191478718077975,2.7327102309004384e-17,638296.4883918698,0.009340370503005407,1.0401091190710215e-08,10901.347852978497,0.014264125008437389,1.3308350493095763e-17,898018.326322127,False,False
3876199085469460352,176.96217346191406,19.377504348754883,0.0371161177323847,19.427257537841797,0.14495007883090918,0.006473282408013165,1.1402195744495099e-08,12504.84738346999,0.03940811338448914,1.0954494509512655e-16,567722.4416304572,0.006469994944184452,1.2411354493107508e-08,12512.106129603015,0.04202965739890552,1.331655663628764e-16,521296.44252587284,False,False
3887948883334606336,85.79048919677734,17.37718963623047,0.17788000470732016,16.945138931274414,0.37426015160315335,0.015242102168224234,1.312158286239298e-07,7772.765201123884,0.008575497321037125,2.7799079261801254e-17,116160.54502013436,0.015187396969349839,2.712374902663076e-07,7795.612503717646,0.016749639615064288,7.107999847014562e-17,55992.98590485585,False,False
3951084971305993472,127.62633514404297,17.444908142089844,0.3094057374449157,17.096899032592773,0.08073622867943109,0.020045979374367976,2.8908819331532768e-08,8213.331723387837,0.0060145799835228456,2.6427984269052963e-18,693420.8950035706,0.019983556791626698,2.4847145987191655e-08,8242.33186900266,0.006830342556470433,2.392508652312963e-18,804259.6442234425,False,False
4008343551150142208,145.82757568359375,20.61590003967285,0.08286824571690948,20.320133209228516,0.18100022127326426,0.00500127735820728,3.243905494109006e-07,8539.357366993094,1.0188702684324304,5.6172247737499315e-14,15417.457035322683,0.005014200377843824,2.374976890327245e-08,8532.268914585486,0.03255461821287711,3.8621862420520114e-16,211126.28077626994,False,False
4110333184616593280,111.56043243408203,20.84429168701172,0.09965498325731598,20.384368896484375,0.09935855207316684,0.0041422185652821054,2.600944078775788e-08,7634.464617826987,0.0682435527324622,9.628979486358585e-15,159258.2708364789,0.004126136560542185,6.732476889382547e-07,7660.041937596115,0.8195088514535805,1.0699573131077864e-12,6128.705123443213,False,False
4159458883096668928,115.03970336914062,20.601272583007812,0.08946269085433015,20.029142379760742,0.12657432291882212,0.005550293285181685,1.83146767224738e-08,7026.605171134881,0.01045286783331283,3.8178584495621373e-16,303051.6655732701,0.0055332875949629075,3.338420974970278e-07,7044.096538158203,0.23930874695411503,3.4141673551610725e-14,16574.565150556457,False,False
4236330242108999552,387.2510986328125,19.727468490600586,0.05785485412705789,20.143455505371094,0.008473414761235256,0.005069205056846122,2.547167485248516e-09,36226.0501848444,0.46419749217450423,2.4912445039280447e-15,1990134.1730387006,0.005068508668856335,1.6510946463724142e-08,36239.18051367902,0.8268271798133595,9.64409086055133e-12,306978.687138999,False,False
4348175657266224000,366.0094299316406,19.454910278320312,0.04851441671489877,19.965978622436523,0.28350772123875834,0.004192003397452438,1.8196018508922524e-05,47844.64633364952,59.86456472827614,7.190447874892027e-13,230.38025573544368,0.0041671784620644315,3.4592997919119015e-06,48106.6946694263,21.86674152581556,2.3275625969296244e-09,1204.6306225923531,False,False
4601996164188457600,793.9035034179688,20.177026748657227,0.0625649078178502,20.47758674621582,0.12872114185881736,0.01091761815976527,4.6129119389342556e-08,23089.669231641717,0.07144338245001927,1.3712271306877345e-16,236675.19138220578,0.010935794962349242,2.1005523972776738e-06,23227.998458151502,20.61038121073615,9.143373787749606e-16,5206.151951516224,False,False
4629851226124678528,197.5135955810547,20.873424530029297,0.19455931616237448,20.494182586669922,0.18955465446504594,0.006619604830359607,6.616997770822725e-08,8044.2833477767035,0.09097613507688038,5.605641692262748e-16,100039.39943199584,0.006608852566413753,4.697640854802312e-08,8060.840922724003,0.04563641925962736,2.741291794546693e-16,140684.50038400965,False,False
4689934412696732416,209.7574005126953,20.236846923828125,0.06985703646743224,20.18603515625,0.08908246832497807,0.0061625471927699215,1.9042413795945378e-08,10836.883291444403,0.0571872169447512,6.362310212604357e-16,323622.1656984519,0.00608704091778787,3.0341818521571905e-07,10892.10851621817,0.5467484803718099,3.9992498655089227e-13,20061.556012076897,False,False
4746189761184793600,196.14907836914062,19.246156692504883,0.1847738023287567,18.985342025756836,0.25190967079567517,0.012154988652574845,3.2754032067603605e-09,8754.047206028945,0.0013072366264682436,9.900524691994208e-20,3710990.0324598863,0.01215504748020013,8.98810090417073e-09,8764.793954199042,0.003418794196818566,6.154794400591648e-19,1352348.8009085264,False,False
4762592584885748608,258.0550231933594,19.405126571655273,0.03538744785571828,19.694894790649414,0.06859395646185325,0.005186776979778394,0.0005577632452349543,22290.471097131845,4045.946551380923,1.7910795719484203e-08,9.299244839257018,0.0052274723743600485,1.9920997776220272e-07,22332.9875262706,1.6808411302747321,1.3230314143865303e-11,26241.01680589559,False,False
4788843665517151744,322.0657043457031,20.39492416381836,0.07442213486848549,20.391450881958008,0.20602437996762346,0.00806649808473213,4.114577031605264e-09,11568.682980130437,0.0078004939094632525,8.267392320188769e-19,1960468.3598753915,0.008043625062880377,3.7699263149012715e-07,11604.11267026984,2.0898204121964605,6.6938753451662444e-15,21336.29251873329,False,False
4822727830746430976,323.78076171875,17.90876007080078,1.7055882279529204,18.21744155883789,0.09729499299969324,0.012292297955666314,3.054626231865957e-05,24442.969269393205,154.2902184208944,6.230340819828032e-11,402.4157793000229,0.012422628091884675,1.6361009682588578e-09,23964.679344207234,0.1544455470721889,7.722951859753078e-22,7592824.851821256,False,False
4839207792059961856,294.06927490234375,18.249235153198242,1.2508459758695611,18.68028450012207,0.0020874747377485755,0.007302795940316962,8.925162292371706e-06,38051.60274463358,301.54301355817677,2.0502099679329044e-10,818.2255628627199,0.0073508597324940875,3.756018401780508e-05,37701.35918192774,282.055424453296,5.813866301883827e-09,195.70883169820135,False,False
4912437671651505408,268.3777160644531,20.814966201782227,0.1163477994622746,20.554895401000977,0.15285459191925455,0.008068083905908694,9.154201195919333e-08,8759.1550706384,0.08454846869034503,1.0905333164623714e-15,88135.31331936644,0.008068058931738778,3.204260498101964e-09,8769.463794766009,0.0022926049665372866,3.12678810089351e-18,2517916.0484978897,False,False
5040272391054593792,234.52574157714844,20.144596099853516,0.06987038563595442,20.045562744140625,0.07747317857036867,0.007661077311220616,3.1235526437781965e-09,10263.171043065302,0.00437921594216242,3.943084189289239e-17,2452680.708449308,0.0078327830815238,8.606865313427359e-09,10233.355544138383,0.019917932158859755,2.232303078756591e-15,910062.2347725213,False,False
5151453769905064960,153.09060668945312,20.82499885559082,0.13128911715243244,20.236492156982422,0.15242463018530322,0.006826566392415987,1.4608393410057531e-07,6935.53087113133,0.09248092923195607,2.4753830085126712e-15,46730.43914408862,0.006807541156178665,4.898752281162846e-09,6952.949617349939,0.0027176466295634415,6.589500675266253e-18,1389647.9685971625,False,False
5157906631849979520,111.80268859863281,17.675392150878906,0.22473246168783131,17.45738983154297,0.21896475419676711,0.013579935799483646,2.814263979016281e-07,9066.348472899259,0.39402398283550516,5.5369420926035605e-15,48253.95165747912,0.013540357145613727,3.627757396473053e-08,9091.469637325426,0.01280781788979716,2.9716003250191093e-18,373243.18210412347,False,False
5184818239796776832,265.64208984375,20.721099853515625,0.1636579715248598,20.671722412109375,0.2062620595277179,0.0062318174086003235,4.100305738346877e-08,10852.7959159656,0.142684133855154,7.412938116727329e-17,151984.21303853331,0.006154134911654467,6.97491409089751e-08,10911.546720445904,0.1407668644058579,9.884613610051457e-16,88232.41163193411,False,False
5189630119293050752,289.4900817871094,18.49576187133789,0.2319552837804091,18.44824981689453,0.34683802340560094,0.018737626421771243,4.776737081198773e-07,10899.03624646154,0.0403637751747085,5.917184120199404e-19,39226.83225652611,0.01863828645196058,1.8302264378521072e-07,10934.04080667601,0.10525789311190767,5.914949210621112e-17,101835.95901845813,False,False
5231034085066718848,113.50209045410156,21.19814682006836,0.13842237449196101,20.49063491821289,0.11347256010664222,0.005087701204124457,1.631771787160814e-09,6321.057990595182,0.001155461900041405,8.34315618716017e-18,3117899.968706258,0.005067778047939417,2.851799571765691e-07,6344.558993808972,0.18654693142091353,5.450567807414173e-14,17770.456585073767,False,False
5243878133222582656,191.5089874267578,20.62141227722168,0.21903783902858923,20.374713897705078,0.13412515250644924,0.0061908417678590445,1.449236578291866e-07,8854.285241020387,0.1545793091371564,9.311069268823354e-15,42717.95137241045,0.006187851685103245,3.0531789991946955e-09,8867.133492881072,0.006836588281130531,3.839002045248616e-18,2026691.4212155098,False,False
5313960729506482176,238.66986083984375,20.42058563232422,0.10694294519017906,20.331005096435547,0.17549356341696518,0.0067744167425692866,6.683237191664855e-07,10372.488926638951,1.3378692203732652,5.056009657832835e-14,10136.430218305208,0.007025938189376656,5.276768623111119e-09,10305.961784142266,0.028342438901644947,2.1788002502743663e-16,1331484.9846939559,False,False
5314208149677934464,219.26951599121094,20.546125411987305,0.08357797121870793,20.417585372924805,0.09493175312383112,0.00622855760431135,1.5701246448279082e-09,9919.81842455972,0.0033761730923213148,7.613229831489795e-18,3966919.2027706974,0.006207126811513235,4.877792800156574e-08,9961.250406485036,0.24396625333075878,1.3228485178238608e-14,127252.77734868096,False,False
5483752365939343616,624.1797485351562,20.045391082763672,0.03752339937459815,20.51078987121582,0.10322879576646844,0.006176014731462022,4.309969352890746e-08,42355.27619348752,2.8887050371285476,5.540150540734674e-16,143296.02430513102,0.006185156068129934,5.704283863892718e-07,42295.5106605626,10.148357482556998,6.890420897818635e-10,10843.001883691424,False,False
5503557422214467968,218.73275756835938,20.388931274414062,0.0853197657387755,20.197019577026367,0.13186026895737205,0.007426385279454304,1.6430716810538558e-07,9270.065889027688,0.04000386121530155,1.4137524868740955e-13,45198.18194840451,0.007327453705483154,1.8114280976289162e-08,9319.65838162808,0.020258071224021332,1.3127872580976692e-16,404512.5343409703,False,False
5534953770588244096,154.1143798828125,21.07513999938965,0.1562908904014612,20.321163177490234,0.20066681312232854,0.007815319266119959,1.7944378535840054e-07,6117.005137125764,0.04460101431867535,7.686601960340974e-16,43553.022750331154,0.007788536964495308,2.5719216707618447e-06,6137.967885146501,0.8366905346380114,1.656325984346279e-15,3028.29477780644,False,False
5541177556159323648,283.4869689941406,19.861156463623047,0.3047805036486001,20.152711868286133,0.15459641031471189,0.004598132481105115,6.377515976475865e-05,22447.697489907416,474.50671619630504,7.316551408769721e-11,72.09911348032381,0.0046195486169971125,4.1315629907062767e-07,22539.716485891335,2.0880075290072493,2.5707428295070705e-13,11181.116268561154,False,False
5572290711564890624,500.1643981933594,20.112855911254883,0.055359619730862765,20.542593002319336,0.14854699835837717,0.0052913259890937075,3.988313482707742e-07,37814.99082469433,6.64569327170789,9.682901130261895e-15,13267.07645232873,0.005291806351721288,1.5693615645085293e-07,37818.893998418826,0.49429620025058235,5.700125127069877e-13,33719.48486184891,False,False
5596044801296770048,128.0424041748047,20.40972328186035,0.056884498417385285,20.24973487854004,0.08439055908316419,0.004055794805851258,1.0532060796938218e-09,9597.01788263422,0.002968220537798974,3.3952859535084744e-17,3850903.336059663,0.004042411102170774,2.7692918270785616e-09,9632.715073433455,0.009215749644809547,1.847523402129077e-16,1459727.379629498,False,False
5613192196225478272,341.00311279296875,19.560043334960938,0.0374231809370113,20.047603607177734,0.05640696193573553,0.003970182731354531,1.058721656170463e-07,45091.65840563893,0.8155401586148903,1.9337637892786472e-11,37499.7782298627,0.0039667194672887655,1.2662306574648967e-08,45175.87159386017,1.2346863642720005,2.512013977891967e-15,313269.89627865126,False,False
5678555452372674688,335.0165100097656,18.796144485473633,0.11288147434312304,19.154102325439453,0.10194543672276905,0.007657107567888529,1.2414308197759324e-05,30393.811090763236,99.33781973814119,2.0736132975238248e-10,616.7969608866784,0.0076647547611999375,7.595720946156545e-07,30345.31423387721,2.261836847704283,9.48147531975464e-15,10090.885138530957,False,False
5748767000747201408,394.508056640625,17.5387020111084,0.1263332488013389,18.056989669799805,0.28020829291064275,0.002625979274437596,nan,41750.0,nan,4746.314204778725,nan,0.010677892700654461,3.0330832457379335e-09,48750.72638444276,0.1059904918364641,3.247466463224634e-18,3520474.657482269,True,False
5786316972105722880,84.58868408203125,20.37356185913086,0.05998525528853886,19.7204647064209,0.08422434352298624,0.005107494245118603,1.6158334794323717e-05,6595.3114119622405,9.286473268068153,9.807432593242175e-13,316.09038370171794,0.005096729417671641,3.567994820372162e-09,6611.222994452917,0.0028379903509407013,1.4582852134382223e-16,1428457.6279569888,False,False
5924037812888396544,241.68722534179688,19.546751022338867,0.03693673789530894,19.905452728271484,0.17666883612850393,0.003908390527751648,7.676994006306761e-05,30400.77362157858,1113.8599494804164,5.573771865438954e-13,50.91042828144517,0.003907562101126991,1.710696058746835e-05,30423.453801274896,306.8260820275663,3.3253686432703464e-13,228.4194250140182,False,False
5953113470165877504,191.42149353027344,20.30953598022461,0.06634914601499663,20.404672622680664,0.10058057096774448,0.004228582960460501,2.036070272232947e-08,13380.096421274087,0.12234245080655334,1.261689432382019e-14,207683.54698401628,0.004228628931766344,7.727306324173366e-08,13371.938093417742,0.38509952632096556,2.0383474769376428e-13,54723.195307243164,False,False
5999917584227286912,91.4068832397461,19.458515167236328,0.11940020045795874,18.962505340576172,0.06124254451897513,0.0067277865681853065,4.241266728469698e-07,7435.78551485744,0.6487157616435906,1.0347874232400174e-13,15862.68206860165,0.006687625203559328,2.029669882753584e-07,7469.939604402702,0.14721284479551786,1.1260690440363365e-13,32949.32471721192,False,False
6101974837608392320,851.6998901367188,19.440181732177734,0.6561314569951394,19.22317886352539,0.017017086124836666,0.03838950531543757,0.003437726723638607,10918.050471676812,1129.0112520842974,0.006020283383663077,11.167119553588254,0.03959041506415939,0.0023897333357011797,10598.905023733609,700.5151756221783,0.0030177829997875792,16.566875672989276,False,False
6114381486300090112,190.9073944091797,20.173595428466797,0.16119034598604653,19.933441162109375,0.1671195519034122,0.007521677242188862,8.750227308271877e-08,8903.47819002534,0.2114666147543797,7.757345051271216e-16,85959.79255394169,0.007515087297003983,1.7772455576445932e-09,8919.606133574753,0.0019838746956465426,6.064386779565856e-19,4228502.5075340895,False,False
6240588103859479680,154.32850646972656,20.153335571289062,0.0999007562023945,19.85452651977539,0.07135777639970116,0.006572313868063792,6.177610160066031e-09,8520.962297974123,0.010410593500634972,2.336527818810846e-16,1063892.6215430761,0.006588003571247354,4.571072655526211e-08,8514.988821158904,0.06721964939344585,1.4563061406233624e-14,144123.7991105385,False,False
6264753995049321216,172.14260864257812,20.630138397216797,0.07560954936429473,20.234724044799805,0.062416266257953365,0.006565284393605894,8.787877138739655e-08,7961.034777073666,0.1330207351338427,6.623138508021606e-14,74708.42263672655,0.0065554032920736895,5.5882091500444386e-08,7977.072750045219,0.051835460144033944,3.1138324890823537e-14,117307.76561971664,False,False
6314418076280947328,205.70362854003906,20.010889053344727,0.11802224604766813,20.07647705078125,0.14784402418695053,0.005474612464500788,2.2379632206350938e-08,12801.116066792942,0.08912291078480242,9.525555620099855e-16,244624.7737238144,0.005471831031724138,5.020882008694552e-07,12808.652183362512,1.3534462682900463,3.2691249146821864e-13,10898.147023269394,False,False
6324166655610306304,229.23577880859375,20.372655868530273,0.13208458632400846,20.379262924194336,0.08593363892266195,0.0056981647108424426,2.1313991061939748e-06,11746.94608251999,3.97222541146232,6.386631002679186e-12,2673.438632062494,0.0056881214298861935,6.309541971936962e-05,11771.331636207653,122.40258171287901,2.5189644057641836e-11,90.15109900505189,False,False
6529309583750849536,144.0219268798828,20.46196746826172,0.12657391241232477,19.674489974975586,0.10755528760084163,0.010153597221833444,1.1172384789925716e-05,5981.474042845952,2.5497121565565757,5.429105791692131e-15,908.8119871228455,0.01013031400686059,1.5433902165691694e-07,5995.646157168402,0.05514871192214051,1.234608557902499e-14,65636.76443005743,False,False
6531698272762397824,167.9556121826172,21.10405921936035,0.16451943097817887,20.77754783630371,0.16436928738154621,0.004769033570149322,1.3314075906933921e-08,8346.9697159729,0.026935077760434082,2.1458250885518525e-16,358194.8610992691,0.004761932729483371,1.4046942985841297e-07,8365.280089576416,0.311572766863738,6.718576802339259e-15,33900.13566854504,False,False
6535032404335044992,89.5255355834961,18.274280548095703,0.1930667242996611,17.783227920532227,0.0861887622979074,0.011285955975630781,2.8922738166421235e-07,7467.9551650462745,0.04052303678210615,3.661119839892925e-16,39021.04949639093,0.011217100613285588,0.00012015944629879458,7501.904327210512,51.13191959911515,3.25544795878795e-10,93.35180011892345,False,False
6554850929626254848,198.0914306640625,20.608596801757812,0.12479794600443851,20.436527252197266,0.0975158596291161,0.005825177935406944,1.0650186132854837e-08,9480.722948079601,0.04041202238476814,2.589260245141007e-16,546955.5050720484,0.005807192156400431,6.398792768571276e-10,9515.387785184303,0.0013989312747944953,1.5562352582820742e-18,9075449.645632237,False,False
6561257474643877248,368.1235046386719,19.062856674194336,0.024155647352116522,19.2712345123291,0.2947826065715345,0.011489207928280013,3.2544889300855154e-07,16576.415644585435,0.7497537860237553,3.3383836301594744e-16,35302.64866495681,0.011466365373891152,2.956108933690431e-07,16587.70819708998,0.6483373329297292,2.0714910224125773e-16,38788.710535022285,False,False
6574890113158167040,178.052490234375,18.84478187561035,0.32252291407587486,18.554962158203125,0.268950470987889,0.013716488843904076,1.3054063942876643e-07,8575.57609326364,0.007797555238324794,1.4888119772756148e-17,105074.47262343852,0.013750043119459114,7.5980035728191865e-06,8567.50928733377,4.279927860061605,5.996459350923186e-13,1809.6915838060413,False,False
6620463598819012352,139.2088623046875,20.691286087036133,0.10935430884223278,20.207212448120117,0.16580397810509398,0.005717371444691985,3.0052792447944527e-09,7503.53963009508,0.0022064351967241713,9.604250687579834e-18,1902442.6613916962,0.005681097925452684,6.0030098822975705e-09,7537.0729679452825,0.004996334070814631,1.574878100236534e-17,946374.908061674,False,False
6648099514348540928,721.7637329101562,20.188613891601562,0.11834115401844247,20.503931045532227,0.15718978831815056,0.009529990894146457,2.646730442960124e-09,24694.51893774279,0.021997712389831905,1.1782961898629222e-18,3600665.462361192,0.009532849265141492,6.05146994731176e-10,24699.821371936327,0.030008411578937595,1.0263122459189128e-19,15752948.2062061,False,False
6832187963045348864,197.3585662841797,20.219085693359375,0.1659147313859283,20.007305145263672,0.1026239532398763,0.007372012805933696,3.609488342586916e-05,9063.31319035548,70.44201879691978,0.00017421122811762298,204.2398286470205,0.007353639215291608,2.9730859575342403e-08,9142.650613372,0.25428783233837393,1.1347467054604869e-14,247340.28280132287,False,False
6844676417977418880,80.13787078857422,20.18558692932129,0.054863523887020954,19.754825592041016,0.07588366114038084,0.0039008309434063453,2.6317511718417444e-08,7779.0098388435,0.04556652931011155,3.67800802152382e-14,148221.87542435774,0.0038868446379680655,2.762786458246169e-09,7802.17899667117,0.005292006211773159,5.664375978594733e-16,1406856.6994625614,False,False
6878408889256318720,419.26470947265625,19.150104522705078,0.1841843334304725,19.602495193481445,0.09270944314995694,0.006497760278093919,2.699724387680049e-11,40647.19096168488,0.012150816484591171,2.6912761245126655e-21,240682356.60446924,0.006500477656600304,2.138130947023538e-07,40639.59675834609,0.9842364121463815,1.1815549890441101e-12,30402.617134603133,False,False
6890112881296259072,228.1904754638672,17.22109031677246,0.06941686217908297,17.422298431396484,0.10748915616907091,0.016944733903419343,3.1495999010489216e-09,16290.473634751557,0.003498646613231301,1.7234929334874038e-19,5379963.943285679,0.016907000845981787,2.4845015188578054e-06,16315.629168037449,2.5253273748813574,2.681479156763466e-14,6804.9871242398785,False,False
